	1	2	3	4	5	6	7	8	9	10	11	12	13	14	15	16	17	18	19	20	21	22	23	24	25	26	27	28	29	30	31	32	33	34	35	36	37	38	39	40	41	42	43	44	45	46	47	48	49	50	51	52	53	54	55	56	57	58	59	60	61	62	63	64	65	66	67	68	69	70	71	72	73	74	75	76	77	78	79	80	81	82	83	84	85	86	87	88	89	90	91	92	93	94	95	96	97	98	99	100	101	102	103	104	105	106	107	108	109	110	111	112	113	114	115	116	117	118	119	120	121	122	123	124	125	126	127	128	129	130	131	132	133	134	135	136	137	138	139	140	141	142	143	144	145	146	147	148	149	150	151	152	153	154	155	156	157	158	159	160	161	162	163	164	165	166	167	168	169	170	171	172	173	174	175	176	177	178	179	180	181	182	183	184	185	186	187	188	189	190	191	192	193	194	195	196	197	198	199	200	201	202	203	204	205	206	207	208	209	210	211	212	213	214	215	216	217	218	219	220	221	222	223	224	225	226	227	228	229	230	231	232	233	234	235	236	237	238	239	240	241	242	243	244	245	246	247	248	249	250	251	252	253	254	255	256	257	258	259	260	261	262	263	264	265	266	267	268	269	270	271	272	273	274	275	276	277	278	279	280	281	282	283	284	285	286	287	288	289	290	291	292	293	294	295	296	297	298	299	300	301
1	2.7337	2.75749	2.69615	2.49718	2.25066	2.06593	1.97183	1.96226	2.02954	2.15577	2.31275	2.4765	2.62442	2.74518	2.86566	2.99284	3.08101	3.10804	3.06899	2.97169	2.85728	2.76166	2.6969	2.6582	2.61918	2.54953	2.4509	2.31603	2.14731	1.97705	1.82979	1.72315	1.73546	1.85528	1.86718	1.68403	1.46643	1.31896	1.24905	1.24919	1.31312	1.33238	1.18577	0.936171	0.707488	0.545436	0.442893	0.384562	0.340934	0.264161	0.159523	0.074999	0.0211285	-0.0212206	-0.0562643	-0.0848752	-0.109973	-0.13048	-0.146893	-0.158332	-0.164345	-0.176495	-0.190626	-0.199791	-0.205652	-0.211033	-0.218578	-0.220852	-0.219569	-0.222567	-0.221668	-0.214921	-0.204892	-0.190434	-0.169491	-0.145593	-0.119705	-0.0986832	-0.0946857	-0.104143	-0.117161	-0.133993	-0.147421	-0.157167	-0.163377	-0.159571	-0.147696	-0.135185	-0.137838	-0.156281	-0.170294	-0.176753	-0.174304	-0.166663	-0.159183	-0.148512	-0.140736	-0.152541	-0.169836	-0.181955	-0.193358	-0.203151	-0.208541	-0.210011	-0.2082	-0.205726	-0.20323	-0.194418	-0.174981	-0.154107	-0.138453	-0.127993	-0.123759	-0.123742	-0.124222	-0.117942	-0.105845	-0.0874457	-0.0688372	-0.0492249	-0.021705	0.00674909	0.0311791	0.0558583	0.0850714	0.115703	0.145985	0.174383	0.199865	0.226315	0.25418	0.280247	0.305502	0.323534	0.330325	0.340489	0.350932	0.340506	0.324643	0.310259	0.291703	0.269817	0.242524	0.212329	0.185254	0.16016	0.139335	0.127141	0.125444	0.132409	0.141425	0.141133	0.125461	0.0893701	0.0344915	-0.0320827	-0.111344	-0.19612	-0.270022	-0.336487	-0.388019	-0.427701	-0.465438	-0.491819	-0.51044	-0.529262	-0.546837	-0.559859	-0.570268	-0.578546	-0.591621	-0.606337	-0.616383	-0.624875	-0.631797	-0.637981	-0.643135	-0.647682	-0.648756	-0.659775	-0.670179	-0.674731	-0.678528	-0.680688	-0.683459	-0.685345	-0.685375	-0.687884	-0.693339	-0.694993	-0.693243	-0.693872	-0.692458	-0.692646	-0.695037	-0.695735	-0.696272	-0.696355	-0.69718	-0.701697	-0.702783	-0.703237	-0.704586	-0.706729	-0.707008	-0.70751	-0.70864	-0.707099	-0.705895	-0.706868	-0.711141	-0.713934	-0.712559	-0.711704	-0.712795	-0.713877	-0.714309	-0.716181	-0.717246	-0.718931	-0.725123	-0.721405	-0.713362	-0.711193	-0.710578	-0.709932	-0.708356	-0.710626	-0.706707	-0.705105	-0.706868	-0.707427	-0.705655	-0.704481	-0.700881	-0.693204	-0.692781	-0.69502	-0.699829	-0.701474	-0.69958	-0.700043	-0.70236	-0.699449	-0.698441	-0.698502	-0.693261	-0.691253	-0.691611	-0.686819	-0.685977	-0.695199	-0.693322	-0.683743	-0.680155	-0.678925	-0.676673	-0.67323	-0.673365	-0.672916	-0.675246	-0.674469	-0.673719	-0.677978	-0.68232	-0.676084	-0.674295	-0.676983	-0.673252	-0.673011	-0.674845	-0.675936	-0.673478	-0.669612	-0.670476	-0.672169	-0.672654	-0.679051	-0.678096	-0.681535	-0.689351	-0.694064	-0.695757	-0.692248	-0.68215	-0.675002	-0.687544	-0.695002	-0.689888	-0.683616	-0.684672	-0.683197	-0.677642	-0.693903	-0.701732	-0.695303	-0.697533	-0.707422	-0.705258	-0.706244	-0.703146
2	2.69207	2.71974	2.66469	2.47707	2.23953	2.06322	1.97402	1.96696	2.03601	2.15998	2.31701	2.48348	2.63109	2.75002	2.86981	2.99303	3.075	3.09591	3.05119	2.95145	2.83442	2.73847	2.67767	2.64045	2.60371	2.54151	2.44589	2.31152	2.14501	1.97739	1.83272	1.72734	1.7415	1.86261	1.8713	1.68786	1.47482	1.32753	1.25756	1.25832	1.31871	1.32661	1.16675	0.91267	0.687069	0.529059	0.430311	0.375004	0.329615	0.247964	0.143153	0.0615982	0.0103516	-0.0311194	-0.0680512	-0.0945141	-0.118504	-0.138964	-0.154236	-0.164692	-0.173929	-0.187469	-0.200575	-0.208644	-0.215409	-0.220975	-0.227275	-0.230299	-0.23133	-0.235435	-0.23575	-0.228999	-0.219251	-0.204183	-0.184549	-0.164459	-0.141546	-0.12167	-0.117104	-0.1237	-0.132833	-0.143959	-0.153274	-0.16201	-0.16607	-0.157256	-0.141956	-0.127787	-0.129142	-0.144689	-0.157539	-0.16081	-0.153205	-0.144438	-0.134621	-0.122391	-0.11818	-0.132678	-0.149478	-0.159163	-0.169003	-0.177296	-0.181725	-0.183765	-0.183559	-0.182132	-0.178815	-0.169842	-0.151331	-0.131683	-0.116123	-0.103797	-0.0982546	-0.0999516	-0.103866	-0.0965667	-0.0802357	-0.0602643	-0.0397776	-0.0185973	0.007902	0.0358472	0.0599287	0.0861678	0.115559	0.148413	0.18139	0.208012	0.230839	0.259642	0.288221	0.313895	0.337388	0.355918	0.365566	0.374357	0.382604	0.373777	0.359576	0.343875	0.323502	0.300958	0.272023	0.240738	0.211306	0.183703	0.158663	0.144499	0.14012	0.140092	0.14381	0.139746	0.124952	0.090392	0.0376081	-0.028259	-0.111757	-0.200141	-0.27375	-0.339694	-0.390457	-0.43035	-0.466091	-0.489712	-0.508539	-0.527885	-0.547706	-0.56249	-0.571591	-0.579291	-0.591549	-0.605302	-0.615507	-0.625123	-0.634164	-0.638776	-0.642316	-0.646116	-0.646326	-0.658397	-0.673391	-0.679216	-0.682551	-0.685407	-0.689252	-0.692172	-0.692988	-0.694772	-0.698458	-0.699201	-0.699357	-0.700958	-0.699868	-0.700684	-0.702303	-0.701031	-0.701017	-0.698937	-0.69786	-0.702997	-0.708475	-0.710131	-0.708608	-0.71098	-0.712914	-0.710697	-0.709164	-0.709625	-0.709543	-0.711222	-0.714219	-0.715801	-0.718406	-0.718949	-0.719469	-0.721417	-0.72108	-0.719405	-0.719707	-0.722726	-0.724401	-0.717289	-0.713306	-0.714	-0.714328	-0.714	-0.715167	-0.716198	-0.712827	-0.713776	-0.714237	-0.713785	-0.710998	-0.708749	-0.706815	-0.703316	-0.699995	-0.698631	-0.702718	-0.709853	-0.70978	-0.709201	-0.711806	-0.705579	-0.704735	-0.705433	-0.698727	-0.696232	-0.699316	-0.693887	-0.692528	-0.702203	-0.702869	-0.694726	-0.685722	-0.68553	-0.688422	-0.687642	-0.686032	-0.686793	-0.684116	-0.679723	-0.686935	-0.690105	-0.694653	-0.692354	-0.68496	-0.683705	-0.677533	-0.678145	-0.681849	-0.684855	-0.686561	-0.67736	-0.67335	-0.678413	-0.682902	-0.68813	-0.685489	-0.680106	-0.683491	-0.692039	-0.7013	-0.705725	-0.697796	-0.686707	-0.685977	-0.69588	-0.698138	-0.698307	-0.70369	-0.699744	-0.697828	-0.716235	-0.719456	-0.705492	-0.700451	-0.703845	-0.717686	-0.733602	-0.725464
3	2.6802	2.72484	2.67093	2.46018	2.19179	1.98985	1.88122	1.85765	1.92203	2.05604	2.22832	2.4155	2.58783	2.73785	2.89791	3.05393	3.14655	3.16093	3.10143	2.98858	2.86764	2.76907	2.71116	2.6847	2.66086	2.60896	2.51957	2.37514	2.18507	1.99511	1.83059	1.70412	1.71003	1.8462	1.8605	1.65965	1.42643	1.27265	1.20886	1.22807	1.32003	1.3531	1.18667	0.919224	0.694562	0.545837	0.463508	0.428059	0.395785	0.308467	0.182182	0.0832952	0.0253555	-0.0196762	-0.0573405	-0.0853092	-0.107508	-0.126244	-0.141876	-0.152606	-0.162949	-0.179891	-0.193525	-0.201401	-0.208844	-0.215845	-0.224188	-0.22932	-0.233483	-0.241368	-0.243901	-0.240876	-0.236354	-0.229883	-0.221861	-0.214877	-0.203863	-0.192373	-0.188214	-0.189269	-0.189887	-0.189549	-0.185819	-0.17899	-0.169928	-0.153024	-0.127996	-0.0972158	-0.0840117	-0.0907075	-0.0967568	-0.0962813	-0.0866607	-0.0709786	-0.0534021	-0.0378868	-0.0356339	-0.0584	-0.084458	-0.101938	-0.120128	-0.138881	-0.150224	-0.15448	-0.158881	-0.164843	-0.164889	-0.154329	-0.135773	-0.116719	-0.103736	-0.098726	-0.102084	-0.116428	-0.135214	-0.144075	-0.142018	-0.131125	-0.118664	-0.105735	-0.0867651	-0.0663059	-0.0483999	-0.0258133	5.69E-05	0.0253137	0.0530278	0.0848013	0.112457	0.141131	0.173805	0.208524	0.242387	0.270168	0.285425	0.29991	0.316176	0.316719	0.312626	0.308412	0.298517	0.2851	0.268875	0.253105	0.241261	0.232913	0.226184	0.227994	0.24308	0.26225	0.280248	0.285463	0.270682	0.227986	0.163467	0.082415	-0.0195012	-0.125585	-0.218878	-0.303593	-0.366931	-0.413377	-0.455351	-0.485514	-0.507504	-0.525915	-0.545047	-0.560563	-0.572807	-0.581568	-0.592862	-0.60773	-0.617172	-0.62519	-0.630275	-0.634535	-0.640864	-0.645219	-0.646237	-0.660138	-0.672337	-0.676016	-0.680635	-0.68295	-0.684014	-0.686338	-0.686751	-0.687331	-0.691699	-0.696547	-0.69575	-0.692562	-0.692504	-0.694052	-0.695145	-0.694085	-0.6926	-0.691649	-0.691069	-0.696593	-0.700981	-0.701945	-0.701974	-0.701607	-0.702738	-0.704936	-0.703885	-0.702875	-0.703163	-0.705654	-0.710906	-0.711691	-0.70983	-0.708791	-0.709229	-0.708332	-0.705178	-0.706705	-0.708478	-0.712124	-0.717665	-0.715742	-0.711699	-0.707998	-0.704861	-0.705504	-0.707168	-0.705758	-0.700009	-0.700481	-0.703138	-0.704444	-0.706588	-0.706885	-0.700018	-0.69696	-0.698991	-0.698829	-0.69857	-0.698445	-0.700289	-0.704223	-0.70847	-0.706663	-0.70827	-0.707535	-0.700372	-0.695141	-0.697802	-0.697039	-0.694757	-0.694882	-0.696259	-0.69696	-0.692955	-0.688995	-0.682642	-0.675328	-0.677201	-0.680264	-0.68154	-0.68212	-0.687406	-0.691765	-0.695716	-0.693555	-0.690464	-0.689183	-0.682525	-0.679608	-0.68174	-0.686388	-0.686421	-0.678132	-0.683739	-0.690601	-0.689867	-0.696175	-0.702875	-0.704623	-0.706576	-0.710798	-0.718403	-0.721624	-0.716217	-0.704256	-0.704252	-0.711344	-0.720435	-0.72338	-0.724482	-0.719113	-0.715299	-0.728307	-0.723839	-0.714744	-0.722346	-0.735863	-0.727623	-0.726814	-0.738149
4	2.7038	2.72435	2.65938	2.46159	2.22005	2.04216	1.95379	1.94423	2.01284	2.14234	2.30316	2.4717	2.62504	2.75125	2.87603	3.00644	3.09576	3.11649	3.0695	2.96713	2.84523	2.74265	2.67336	2.63209	2.59494	2.52922	2.434	2.29717	2.12864	1.95813	1.80942	1.70171	1.71023	1.82385	1.82766	1.64284	1.43168	1.28889	1.22186	1.2264	1.29815	1.32551	1.18384	0.940698	0.71907	0.562885	0.466109	0.411617	0.369741	0.292838	0.185037	0.0951288	0.0406503	-0.00225549	-0.0405612	-0.0690147	-0.0925071	-0.113163	-0.129379	-0.139696	-0.147502	-0.159288	-0.171121	-0.178675	-0.184991	-0.191294	-0.196816	-0.198475	-0.19957	-0.202641	-0.201416	-0.193619	-0.181421	-0.166816	-0.146243	-0.1253	-0.103819	-0.084627	-0.0791363	-0.087064	-0.097937	-0.111143	-0.123541	-0.134166	-0.140469	-0.135656	-0.122946	-0.109336	-0.109536	-0.126495	-0.145526	-0.157624	-0.158336	-0.154045	-0.148341	-0.139605	-0.133788	-0.146264	-0.162411	-0.170239	-0.176412	-0.18242	-0.184083	-0.180964	-0.177242	-0.174596	-0.171551	-0.161373	-0.142411	-0.122676	-0.106938	-0.0955564	-0.0895965	-0.0886843	-0.0939014	-0.0916426	-0.0799832	-0.0644926	-0.0483458	-0.0292885	-0.0067517	0.0193691	0.0437129	0.0682089	0.0950897	0.125841	0.157157	0.185888	0.211527	0.240823	0.272031	0.298942	0.323646	0.344324	0.355914	0.364875	0.373146	0.366222	0.355453	0.343051	0.324954	0.304037	0.279902	0.252361	0.22793	0.205706	0.185932	0.174794	0.173321	0.178504	0.186588	0.183851	0.165524	0.12807	0.0739083	0.00575485	-0.0801396	-0.169652	-0.247993	-0.319704	-0.373935	-0.41476	-0.45436	-0.482244	-0.502361	-0.522474	-0.54154	-0.556045	-0.566518	-0.575958	-0.5874	-0.601983	-0.612339	-0.621045	-0.628577	-0.633191	-0.637578	-0.643103	-0.646197	-0.658086	-0.669802	-0.67273	-0.67432	-0.679046	-0.683746	-0.686344	-0.688499	-0.691592	-0.696387	-0.698386	-0.69637	-0.698937	-0.699524	-0.699819	-0.703155	-0.704645	-0.70597	-0.705636	-0.704984	-0.708203	-0.71044	-0.711604	-0.711205	-0.712069	-0.713894	-0.715001	-0.713955	-0.712851	-0.712378	-0.715753	-0.718815	-0.720045	-0.721066	-0.717074	-0.715167	-0.716813	-0.717412	-0.718129	-0.719602	-0.722634	-0.726995	-0.725049	-0.722017	-0.721448	-0.717895	-0.716622	-0.718716	-0.720705	-0.71932	-0.717842	-0.718138	-0.722378	-0.725909	-0.724215	-0.719089	-0.716557	-0.716418	-0.71862	-0.7221	-0.720527	-0.721583	-0.724976	-0.728281	-0.725714	-0.726822	-0.731583	-0.728429	-0.723633	-0.723016	-0.7217	-0.720327	-0.722586	-0.723525	-0.718181	-0.713307	-0.713003	-0.71107	-0.707221	-0.707165	-0.709285	-0.70978	-0.711161	-0.713755	-0.714789	-0.717221	-0.71395	-0.710518	-0.709328	-0.701387	-0.698186	-0.698346	-0.699793	-0.701765	-0.70382	-0.70574	-0.708946	-0.708138	-0.702495	-0.700962	-0.708038	-0.712469	-0.714763	-0.717712	-0.722777	-0.715727	-0.703842	-0.706196	-0.708216	-0.706439	-0.704541	-0.699433	-0.701809	-0.707543	-0.723329	-0.728207	-0.709693	-0.706066	-0.715553	-0.713972	-0.71872	-0.723446
5	2.69301	2.71947	2.66327	2.47772	2.24612	2.07229	1.98572	1.97839	2.04733	2.17215	2.32648	2.49241	2.64041	2.75767	2.87393	2.99427	3.07032	3.08586	3.04224	2.94387	2.82611	2.73001	2.66931	2.63292	2.5955	2.53037	2.43266	2.29309	2.12694	1.9641	1.82225	1.7147	1.72572	1.844	1.85299	1.67086	1.45893	1.31377	1.24392	1.24072	1.30111	1.31464	1.16125	0.911893	0.684781	0.527325	0.429494	0.374097	0.32831	0.245594	0.137371	0.052548	0.00087091	-0.0408912	-0.0765606	-0.102576	-0.124999	-0.144819	-0.159647	-0.16878	-0.177232	-0.190346	-0.202452	-0.209252	-0.216326	-0.220704	-0.225423	-0.227274	-0.227416	-0.231582	-0.230155	-0.220775	-0.207189	-0.189701	-0.166381	-0.143114	-0.118376	-0.0962531	-0.090359	-0.100702	-0.114951	-0.12864	-0.140874	-0.152799	-0.156948	-0.1518	-0.141846	-0.126912	-0.133535	-0.156448	-0.172438	-0.180135	-0.178213	-0.169147	-0.158556	-0.146277	-0.138276	-0.149777	-0.163712	-0.172195	-0.17976	-0.182905	-0.179826	-0.175823	-0.171714	-0.167388	-0.164397	-0.15294	-0.131852	-0.110127	-0.0932928	-0.0836827	-0.0785442	-0.0807977	-0.0847388	-0.0772851	-0.0620772	-0.0414745	-0.0245345	-0.00683455	0.0216945	0.0510677	0.0770696	0.103509	0.132197	0.166316	0.200443	0.228871	0.254099	0.281122	0.308489	0.333691	0.359247	0.379903	0.386941	0.392062	0.400541	0.389499	0.372431	0.357082	0.336104	0.312298	0.283097	0.251634	0.223551	0.196855	0.175325	0.159949	0.153529	0.152769	0.154965	0.148183	0.128764	0.0900243	0.0354445	-0.0298983	-0.111563	-0.199536	-0.275757	-0.344727	-0.397394	-0.437738	-0.473279	-0.498742	-0.521284	-0.543014	-0.56184	-0.5735	-0.582098	-0.590162	-0.602259	-0.617604	-0.62789	-0.636156	-0.643549	-0.648745	-0.655173	-0.657807	-0.657113	-0.670695	-0.684369	-0.688037	-0.690599	-0.695619	-0.700616	-0.702524	-0.704314	-0.708896	-0.715505	-0.717206	-0.71331	-0.712276	-0.710442	-0.710349	-0.711693	-0.713124	-0.712616	-0.709762	-0.710729	-0.716301	-0.719562	-0.721969	-0.721293	-0.723918	-0.722579	-0.719606	-0.719734	-0.720675	-0.719681	-0.721095	-0.726547	-0.726918	-0.72341	-0.721514	-0.72451	-0.728142	-0.72523	-0.723812	-0.72235	-0.72645	-0.730722	-0.723878	-0.720065	-0.718576	-0.715311	-0.716623	-0.716853	-0.710822	-0.708308	-0.713292	-0.714335	-0.714883	-0.715589	-0.712019	-0.701561	-0.696555	-0.700845	-0.702158	-0.704389	-0.703117	-0.70191	-0.705719	-0.710963	-0.708061	-0.705679	-0.702145	-0.695084	-0.694925	-0.697921	-0.697589	-0.699458	-0.70495	-0.699754	-0.690736	-0.684047	-0.68061	-0.680419	-0.678175	-0.680437	-0.679823	-0.677583	-0.679889	-0.687975	-0.689645	-0.687984	-0.685965	-0.68421	-0.679978	-0.667421	-0.670452	-0.679085	-0.684493	-0.680526	-0.669961	-0.671702	-0.67392	-0.676593	-0.685903	-0.689349	-0.693003	-0.695782	-0.697488	-0.699595	-0.697912	-0.690171	-0.67924	-0.684228	-0.697779	-0.705047	-0.696312	-0.694567	-0.687935	-0.692402	-0.718802	-0.724148	-0.709938	-0.706519	-0.720437	-0.720481	-0.717781	-0.711883
6	2.75851	2.79175	2.72691	2.50565	2.22868	2.02013	1.91979	1.91399	1.98863	2.12883	2.3061	2.49329	2.66116	2.79751	2.93719	3.08538	3.18603	3.20995	3.15553	3.04097	2.91489	2.81355	2.75024	2.71537	2.67617	2.60022	2.48569	2.33021	2.14063	1.95004	1.7843	1.66322	1.68155	1.81942	1.82491	1.61458	1.37552	1.2104	1.13428	1.14873	1.24395	1.28341	1.12518	0.864603	0.643671	0.493946	0.400833	0.350691	0.307764	0.230932	0.133035	0.0545001	0.00747318	-0.0308185	-0.0651454	-0.0903537	-0.110744	-0.128127	-0.144966	-0.156821	-0.162301	-0.174601	-0.18707	-0.194607	-0.201573	-0.206993	-0.214086	-0.218321	-0.221832	-0.227174	-0.227505	-0.224076	-0.217859	-0.207172	-0.191736	-0.175768	-0.1593	-0.14341	-0.138487	-0.146517	-0.158171	-0.171111	-0.180051	-0.188595	-0.193396	-0.188063	-0.176291	-0.163683	-0.170065	-0.191758	-0.208383	-0.219223	-0.219484	-0.214265	-0.206937	-0.195744	-0.189061	-0.201639	-0.21399	-0.219249	-0.226107	-0.227566	-0.22188	-0.21514	-0.210387	-0.206632	-0.201155	-0.190451	-0.170074	-0.148063	-0.1342	-0.127338	-0.124302	-0.126968	-0.132209	-0.128402	-0.118446	-0.102583	-0.0847598	-0.0651846	-0.0399765	-0.0139448	0.00753421	0.0313833	0.0593362	0.0900906	0.121852	0.153168	0.179213	0.206931	0.236849	0.268474	0.299159	0.320011	0.332088	0.346953	0.361614	0.355771	0.342906	0.331199	0.313741	0.290389	0.261974	0.231865	0.203798	0.174342	0.14858	0.13294	0.124026	0.118449	0.114554	0.105322	0.0856469	0.0491021	-0.00392408	-0.0658208	-0.137869	-0.214021	-0.284113	-0.347682	-0.394748	-0.432304	-0.465816	-0.487278	-0.506378	-0.526075	-0.543458	-0.554686	-0.562602	-0.570544	-0.58263	-0.598258	-0.607908	-0.614012	-0.620185	-0.626097	-0.632363	-0.63414	-0.63211	-0.644845	-0.659109	-0.661697	-0.663583	-0.66777	-0.67051	-0.669038	-0.670149	-0.674445	-0.679429	-0.682683	-0.679115	-0.679237	-0.678671	-0.675852	-0.67773	-0.677477	-0.677834	-0.676497	-0.674497	-0.680069	-0.68636	-0.689314	-0.687946	-0.688012	-0.689393	-0.689358	-0.688648	-0.684766	-0.683128	-0.686138	-0.691911	-0.694969	-0.69317	-0.689406	-0.688081	-0.687829	-0.685567	-0.686217	-0.692107	-0.698167	-0.700476	-0.695392	-0.691288	-0.688229	-0.68677	-0.689044	-0.688831	-0.685668	-0.680897	-0.68301	-0.684395	-0.68511	-0.68365	-0.68264	-0.677882	-0.671783	-0.672436	-0.67512	-0.677886	-0.680439	-0.683184	-0.685864	-0.685846	-0.683925	-0.68802	-0.686543	-0.67627	-0.676911	-0.682622	-0.678257	-0.676998	-0.682858	-0.681115	-0.67742	-0.672449	-0.667918	-0.668097	-0.662176	-0.660525	-0.662424	-0.663252	-0.661875	-0.665505	-0.663339	-0.664842	-0.666637	-0.671299	-0.671735	-0.663156	-0.663631	-0.664646	-0.663235	-0.658908	-0.651846	-0.654029	-0.652225	-0.657558	-0.668572	-0.670362	-0.664389	-0.666894	-0.676911	-0.679934	-0.685315	-0.687576	-0.680736	-0.683855	-0.683698	-0.677725	-0.68145	-0.678688	-0.670245	-0.66936	-0.691419	-0.688609	-0.668471	-0.679159	-0.693845	-0.694468	-0.707696	-0.703844
7	2.76854	2.80245	2.73522	2.50547	2.21696	2.00129	1.90047	1.8974	1.97903	2.12465	2.30494	2.49356	2.66106	2.79779	2.93625	3.08223	3.18617	3.21796	3.17204	3.06183	2.93449	2.83059	2.76433	2.72407	2.68032	2.60281	2.48835	2.33201	2.14801	1.95983	1.78878	1.66879	1.69123	1.83176	1.84175	1.63219	1.39112	1.22581	1.14553	1.15289	1.24547	1.28695	1.13487	0.880203	0.659583	0.508544	0.413562	0.357294	0.314416	0.245309	0.154549	0.0809886	0.0322488	-0.00723462	-0.0391679	-0.0635683	-0.0862278	-0.106884	-0.122032	-0.131245	-0.138861	-0.153178	-0.167364	-0.175868	-0.183996	-0.191634	-0.198095	-0.20141	-0.203904	-0.210207	-0.213956	-0.211542	-0.205361	-0.1962	-0.181209	-0.166971	-0.15257	-0.139565	-0.140532	-0.150234	-0.160877	-0.173462	-0.183397	-0.193287	-0.199223	-0.19715	-0.190347	-0.182207	-0.188055	-0.206354	-0.222281	-0.233344	-0.234713	-0.232416	-0.228344	-0.221896	-0.219026	-0.230658	-0.243383	-0.249831	-0.254848	-0.257727	-0.257687	-0.255832	-0.251585	-0.245719	-0.241834	-0.234818	-0.217128	-0.199337	-0.186752	-0.175505	-0.166756	-0.162299	-0.161892	-0.154561	-0.142019	-0.123546	-0.105357	-0.0864202	-0.0634108	-0.0387041	-0.0155766	0.00997443	0.0376382	0.0681672	0.0991905	0.128915	0.155017	0.183345	0.21429	0.243865	0.273367	0.297448	0.31079	0.323195	0.337797	0.334276	0.321971	0.308003	0.289613	0.268183	0.240003	0.208822	0.179002	0.149142	0.121229	0.10416	0.0993349	0.0992168	0.101968	0.0993216	0.087629	0.061636	0.0176951	-0.0384897	-0.111075	-0.191699	-0.263602	-0.329003	-0.376334	-0.40958	-0.444654	-0.470437	-0.487707	-0.504584	-0.521915	-0.532895	-0.542042	-0.550344	-0.562816	-0.577479	-0.586792	-0.593655	-0.598629	-0.602461	-0.607369	-0.610646	-0.610602	-0.623038	-0.63579	-0.639079	-0.64278	-0.6447	-0.64589	-0.649	-0.651078	-0.654005	-0.659971	-0.662391	-0.658086	-0.656726	-0.657959	-0.659385	-0.659783	-0.660046	-0.65974	-0.659061	-0.658961	-0.664582	-0.668913	-0.671354	-0.67155	-0.673803	-0.674586	-0.675015	-0.675745	-0.675339	-0.673834	-0.675894	-0.681695	-0.684464	-0.68344	-0.679648	-0.679459	-0.683589	-0.685566	-0.684652	-0.681975	-0.68428	-0.692071	-0.688099	-0.681091	-0.680968	-0.682535	-0.683326	-0.68187	-0.68113	-0.680759	-0.684241	-0.684206	-0.68155	-0.683335	-0.683698	-0.679796	-0.67627	-0.678291	-0.677194	-0.675802	-0.675697	-0.679564	-0.685461	-0.685597	-0.68295	-0.684853	-0.687591	-0.684604	-0.680995	-0.681699	-0.680094	-0.681423	-0.683633	-0.678764	-0.675999	-0.668834	-0.664285	-0.666949	-0.665894	-0.666507	-0.666896	-0.666686	-0.66704	-0.670601	-0.674639	-0.67806	-0.673733	-0.671017	-0.671927	-0.66617	-0.66862	-0.665903	-0.665291	-0.663886	-0.66026	-0.66117	-0.665741	-0.669775	-0.679193	-0.680124	-0.677863	-0.680531	-0.685085	-0.686257	-0.693698	-0.691677	-0.680487	-0.683488	-0.69138	-0.700264	-0.697561	-0.684258	-0.680308	-0.683094	-0.693186	-0.693921	-0.690387	-0.689061	-0.69452	-0.693471	-0.689057	-0.684114
8	2.64818	2.67515	2.62734	2.45271	2.23579	2.07405	1.98837	1.96898	2.01903	2.13031	2.27619	2.43144	2.57258	2.69191	2.81554	2.94236	3.0168	3.02275	2.97525	2.88142	2.77053	2.67736	2.61556	2.58289	2.55339	2.49822	2.41836	2.29538	2.13395	1.97298	1.83367	1.72636	1.7287	1.83493	1.8399	1.66901	1.46914	1.33106	1.26857	1.27531	1.33964	1.35946	1.22077	0.982977	0.762548	0.606888	0.515189	0.469566	0.432877	0.348105	0.221982	0.122382	0.0637931	0.0183951	-0.0205845	-0.0511669	-0.0783045	-0.102317	-0.117868	-0.126966	-0.135346	-0.150127	-0.166365	-0.176046	-0.181907	-0.185969	-0.191324	-0.19428	-0.195845	-0.200677	-0.199933	-0.193381	-0.181423	-0.16636	-0.145252	-0.121594	-0.0990197	-0.0805651	-0.0749551	-0.0796572	-0.0897491	-0.103683	-0.115547	-0.124766	-0.1292	-0.120409	-0.102183	-0.084753	-0.0847443	-0.106302	-0.13067	-0.14383	-0.143951	-0.13997	-0.135004	-0.123024	-0.118832	-0.137287	-0.155893	-0.165461	-0.173902	-0.181604	-0.181565	-0.174283	-0.167999	-0.164601	-0.162328	-0.149168	-0.124718	-0.0988252	-0.0776476	-0.0647898	-0.0607315	-0.065827	-0.075841	-0.0764072	-0.0653517	-0.0468319	-0.0295398	-0.0100434	0.0158409	0.0438171	0.067791	0.0935414	0.12217	0.152286	0.184121	0.214552	0.241491	0.268629	0.298031	0.326975	0.352669	0.373674	0.383844	0.39168	0.399857	0.39362	0.381341	0.367891	0.353512	0.33686	0.31579	0.295256	0.279931	0.265651	0.252032	0.24883	0.257495	0.274195	0.289776	0.289815	0.271209	0.230064	0.169634	0.0890551	-0.0119451	-0.114773	-0.204173	-0.28445	-0.346889	-0.393553	-0.435416	-0.464615	-0.486091	-0.506037	-0.526039	-0.543301	-0.55539	-0.565966	-0.579329	-0.594469	-0.606588	-0.615642	-0.622021	-0.6285	-0.636561	-0.640476	-0.643947	-0.655318	-0.66573	-0.672766	-0.677265	-0.680303	-0.683113	-0.686648	-0.689773	-0.691925	-0.695646	-0.69785	-0.698663	-0.700206	-0.700902	-0.702211	-0.700686	-0.700297	-0.702064	-0.703901	-0.703223	-0.70703	-0.711231	-0.713059	-0.714235	-0.715402	-0.716262	-0.718946	-0.719145	-0.717481	-0.718285	-0.72271	-0.724837	-0.726505	-0.72791	-0.729046	-0.731691	-0.735201	-0.735382	-0.733559	-0.736657	-0.740988	-0.745556	-0.743283	-0.740448	-0.740093	-0.735776	-0.736217	-0.738507	-0.737094	-0.733844	-0.735633	-0.740889	-0.744471	-0.745349	-0.744264	-0.73849	-0.733533	-0.732327	-0.737907	-0.743128	-0.743767	-0.742224	-0.746183	-0.749554	-0.748301	-0.751188	-0.746494	-0.739147	-0.741442	-0.743901	-0.739043	-0.741896	-0.752921	-0.750682	-0.744865	-0.741213	-0.740361	-0.738036	-0.731609	-0.735175	-0.737241	-0.735936	-0.735901	-0.739143	-0.742799	-0.74515	-0.742051	-0.742885	-0.743724	-0.739251	-0.740655	-0.743102	-0.741347	-0.742371	-0.73785	-0.740029	-0.743841	-0.747774	-0.749956	-0.750159	-0.755328	-0.753712	-0.760117	-0.767006	-0.767888	-0.763095	-0.749342	-0.749922	-0.755402	-0.758038	-0.751944	-0.749705	-0.750639	-0.749999	-0.769535	-0.770209	-0.75822	-0.756556	-0.76762	-0.768173	-0.766479	-0.769258
9	2.71173	2.73168	2.66997	2.47227	2.22429	2.03894	1.94922	1.94498	2.01572	2.14461	2.3065	2.4759	2.62592	2.74866	2.87146	2.99984	3.08969	3.10997	3.06251	2.96131	2.84279	2.74364	2.67897	2.63924	2.59827	2.52759	2.42597	2.28671	2.11915	1.95286	1.80577	1.69852	1.71256	1.83432	1.8407	1.65229	1.43572	1.28808	1.2167	1.21874	1.28946	1.31447	1.17055	0.92772	0.710095	0.558504	0.461704	0.405237	0.362423	0.287974	0.189792	0.111481	0.0621144	0.0213352	-0.0142148	-0.0402374	-0.0620855	-0.082292	-0.0984829	-0.108332	-0.116461	-0.13067	-0.145184	-0.155749	-0.163039	-0.168652	-0.174561	-0.177919	-0.179199	-0.184468	-0.1864	-0.180337	-0.172566	-0.161834	-0.14285	-0.123852	-0.104939	-0.0878787	-0.0830864	-0.0901205	-0.100676	-0.113244	-0.123221	-0.131853	-0.137691	-0.133892	-0.12447	-0.11402	-0.115481	-0.131041	-0.147038	-0.156658	-0.156269	-0.152426	-0.14698	-0.137201	-0.132206	-0.143075	-0.156433	-0.163008	-0.16957	-0.17588	-0.177456	-0.174	-0.169623	-0.165982	-0.161719	-0.151971	-0.134351	-0.118089	-0.104246	-0.0921813	-0.0864976	-0.0892246	-0.0929446	-0.0862724	-0.0731089	-0.0539174	-0.035092	-0.0158079	0.00597835	0.0283428	0.0519208	0.0786496	0.105431	0.134424	0.166315	0.195299	0.219888	0.244511	0.271699	0.299474	0.324552	0.34422	0.353403	0.363023	0.373614	0.367211	0.353964	0.339516	0.3204	0.297792	0.271165	0.240271	0.213246	0.189412	0.163734	0.145919	0.138912	0.137561	0.1384	0.131847	0.114508	0.0813854	0.0309375	-0.0319457	-0.108355	-0.188863	-0.257377	-0.318398	-0.366723	-0.40557	-0.440431	-0.463881	-0.483302	-0.502278	-0.520004	-0.533591	-0.544473	-0.552995	-0.563692	-0.578289	-0.588598	-0.597644	-0.605318	-0.611814	-0.616818	-0.619161	-0.620348	-0.631813	-0.645157	-0.649663	-0.654539	-0.659327	-0.662601	-0.663934	-0.665717	-0.669053	-0.674807	-0.678783	-0.677429	-0.678854	-0.680619	-0.682984	-0.684692	-0.683576	-0.684383	-0.685495	-0.686334	-0.689966	-0.693134	-0.697737	-0.698734	-0.69794	-0.696726	-0.696519	-0.699246	-0.700221	-0.699347	-0.702551	-0.707643	-0.708738	-0.708005	-0.706404	-0.708292	-0.712034	-0.711562	-0.710004	-0.710741	-0.714594	-0.721597	-0.719978	-0.714991	-0.716602	-0.715481	-0.714192	-0.71616	-0.718036	-0.717118	-0.717925	-0.719333	-0.721407	-0.722872	-0.723583	-0.719422	-0.713588	-0.713892	-0.7171	-0.719748	-0.721509	-0.722012	-0.726831	-0.732704	-0.732788	-0.730118	-0.72661	-0.720489	-0.718724	-0.723296	-0.723508	-0.723128	-0.728424	-0.725851	-0.719686	-0.718336	-0.71789	-0.714126	-0.711946	-0.712083	-0.714461	-0.717917	-0.719302	-0.723265	-0.723393	-0.723843	-0.722255	-0.723583	-0.729659	-0.726456	-0.725666	-0.725577	-0.725794	-0.721407	-0.720595	-0.725401	-0.725511	-0.722961	-0.731429	-0.735899	-0.730723	-0.735211	-0.744129	-0.742298	-0.742585	-0.747946	-0.746795	-0.746199	-0.748286	-0.752964	-0.750625	-0.750448	-0.752734	-0.750753	-0.762756	-0.76723	-0.756154	-0.752902	-0.761436	-0.760263	-0.762734	-0.77088
10	2.65677	2.69496	2.65224	2.48043	2.26766	2.10781	2.00717	1.95698	1.98335	2.07999	2.21858	2.37637	2.52567	2.65782	2.79974	2.94071	3.01566	3.01605	2.96043	2.85841	2.74362	2.65032	2.59078	2.55778	2.53196	2.48549	2.41025	2.28496	2.11012	1.93457	1.78687	1.66449	1.64724	1.74792	1.75212	1.57544	1.36935	1.22781	1.16557	1.18573	1.27736	1.31679	1.18176	0.951842	0.756753	0.6308	0.568358	0.563669	0.565604	0.474637	0.304183	0.166859	0.094066	0.0425289	-0.00403181	-0.0389641	-0.0642188	-0.0867439	-0.10565	-0.119251	-0.131661	-0.146781	-0.162387	-0.173612	-0.182142	-0.191491	-0.201555	-0.207891	-0.213446	-0.222923	-0.228478	-0.228174	-0.227816	-0.226131	-0.221114	-0.215297	-0.208216	-0.202354	-0.201567	-0.204879	-0.207292	-0.209148	-0.211124	-0.210267	-0.204526	-0.190688	-0.16904	-0.141206	-0.129718	-0.148662	-0.176908	-0.197594	-0.204729	-0.20111	-0.187721	-0.167176	-0.16225	-0.186802	-0.212926	-0.223602	-0.227284	-0.227642	-0.219799	-0.206339	-0.196708	-0.190076	-0.18138	-0.164834	-0.133509	-0.0975074	-0.0674389	-0.0493114	-0.0480672	-0.0618222	-0.0848552	-0.100919	-0.105933	-0.0973868	-0.0853918	-0.0719905	-0.0524901	-0.0304764	-0.00980673	0.0128059	0.0415637	0.0721648	0.102953	0.135143	0.166011	0.200302	0.236266	0.271934	0.305897	0.336989	0.357472	0.373074	0.386945	0.390432	0.390839	0.389624	0.383587	0.376519	0.369912	0.36744	0.369857	0.377671	0.397172	0.433864	0.492536	0.569719	0.651973	0.708303	0.724583	0.69692	0.619367	0.488421	0.31146	0.126186	-0.0327356	-0.160731	-0.254515	-0.324932	-0.380181	-0.418021	-0.446163	-0.4723	-0.496302	-0.514238	-0.527914	-0.543262	-0.55963	-0.573847	-0.583457	-0.591225	-0.599343	-0.606495	-0.612977	-0.618523	-0.622205	-0.633717	-0.645566	-0.652822	-0.658547	-0.663349	-0.668079	-0.670971	-0.674757	-0.67871	-0.681123	-0.683989	-0.684605	-0.686232	-0.688204	-0.689398	-0.691041	-0.690817	-0.690559	-0.691566	-0.694178	-0.698439	-0.701405	-0.705071	-0.705757	-0.706839	-0.709527	-0.710654	-0.711699	-0.712406	-0.713983	-0.715847	-0.718422	-0.720868	-0.722217	-0.724917	-0.725399	-0.723993	-0.724114	-0.726286	-0.728303	-0.733737	-0.740178	-0.738089	-0.733841	-0.733034	-0.733687	-0.735622	-0.735268	-0.735751	-0.736683	-0.739316	-0.740764	-0.741164	-0.742857	-0.742824	-0.739999	-0.737798	-0.737161	-0.737091	-0.739691	-0.742637	-0.744039	-0.748732	-0.755876	-0.75434	-0.753275	-0.755717	-0.750284	-0.750271	-0.754981	-0.754582	-0.755751	-0.758601	-0.754511	-0.752497	-0.750596	-0.748416	-0.742791	-0.740685	-0.748836	-0.750363	-0.747471	-0.747783	-0.75568	-0.758559	-0.758347	-0.754935	-0.755077	-0.760985	-0.754324	-0.750613	-0.7506	-0.754103	-0.755522	-0.752214	-0.754311	-0.756529	-0.753296	-0.759945	-0.768665	-0.77196	-0.772322	-0.779974	-0.791681	-0.791037	-0.787234	-0.784791	-0.785707	-0.793737	-0.800319	-0.796786	-0.796799	-0.801954	-0.806131	-0.82212	-0.828448	-0.822494	-0.821479	-0.834011	-0.839395	-0.839303	-0.837855
11	2.60453	2.6599	2.6304	2.47178	2.28004	2.14307	2.04227	1.96961	1.97769	2.06781	2.20174	2.35408	2.4997	2.63123	2.78308	2.93311	2.99418	2.97826	2.91688	2.81321	2.70241	2.61443	2.56187	2.53546	2.51748	2.48378	2.42719	2.30638	2.11899	1.93782	1.79519	1.66686	1.64182	1.74602	1.75187	1.57263	1.36759	1.23031	1.17693	1.20678	1.30209	1.33543	1.1841	0.936875	0.724705	0.590357	0.537113	0.561119	0.586928	0.473837	0.252587	0.0841952	0.00558863	-0.0502079	-0.100402	-0.133952	-0.159086	-0.179745	-0.197335	-0.208605	-0.219031	-0.235636	-0.25268	-0.263566	-0.271802	-0.27737	-0.283773	-0.290163	-0.294462	-0.299858	-0.301376	-0.298007	-0.292698	-0.286497	-0.274694	-0.262581	-0.247073	-0.232486	-0.231505	-0.235726	-0.239005	-0.241075	-0.240993	-0.239689	-0.232314	-0.210842	-0.179146	-0.142606	-0.128229	-0.152081	-0.189667	-0.213381	-0.215128	-0.205042	-0.182391	-0.152601	-0.147739	-0.179904	-0.20999	-0.22567	-0.234113	-0.236333	-0.231139	-0.219327	-0.20832	-0.201586	-0.194762	-0.173281	-0.130273	-0.0826566	-0.0444764	-0.0226433	-0.024016	-0.052351	-0.0946705	-0.120772	-0.126147	-0.116852	-0.102825	-0.0860559	-0.0653459	-0.0422864	-0.0210296	0.00273994	0.0320776	0.0640702	0.0970222	0.128042	0.156803	0.190758	0.228775	0.265811	0.300923	0.330333	0.346349	0.359262	0.37209	0.370898	0.370506	0.369667	0.361534	0.356693	0.354129	0.356302	0.369056	0.393264	0.428562	0.487994	0.585121	0.718732	0.864913	0.973631	1.02501	1.01516	0.925632	0.749752	0.50253	0.245414	0.0285148	-0.143776	-0.263248	-0.347973	-0.414958	-0.458813	-0.489661	-0.518448	-0.54551	-0.564632	-0.579094	-0.594869	-0.611263	-0.628759	-0.6419	-0.652981	-0.658962	-0.663471	-0.669241	-0.674973	-0.67978	-0.692783	-0.704001	-0.70873	-0.714969	-0.720158	-0.722207	-0.724616	-0.725189	-0.725933	-0.727809	-0.727951	-0.72697	-0.728468	-0.725576	-0.723691	-0.723412	-0.721789	-0.721084	-0.72129	-0.723472	-0.729087	-0.730047	-0.731355	-0.731979	-0.733468	-0.732512	-0.732727	-0.731764	-0.730559	-0.731652	-0.732697	-0.736252	-0.739195	-0.736957	-0.732022	-0.732796	-0.735335	-0.736135	-0.73543	-0.736217	-0.738179	-0.740525	-0.736708	-0.732349	-0.7299	-0.728274	-0.730292	-0.729845	-0.725434	-0.724147	-0.728209	-0.72654	-0.727241	-0.727198	-0.727396	-0.725128	-0.720597	-0.723764	-0.725318	-0.726725	-0.725929	-0.725184	-0.729608	-0.733149	-0.732977	-0.73324	-0.728721	-0.72157	-0.724591	-0.724875	-0.717947	-0.717504	-0.728347	-0.731183	-0.724104	-0.716884	-0.71367	-0.71595	-0.71549	-0.714969	-0.710791	-0.712237	-0.713476	-0.716006	-0.712951	-0.709642	-0.70888	-0.707129	-0.709776	-0.706105	-0.703287	-0.701118	-0.702374	-0.700997	-0.699874	-0.696466	-0.693484	-0.694328	-0.699496	-0.702047	-0.708536	-0.721544	-0.731626	-0.73274	-0.730271	-0.72129	-0.718085	-0.729001	-0.732241	-0.741622	-0.751131	-0.746596	-0.741596	-0.747009	-0.77611	-0.775486	-0.762521	-0.759935	-0.767186	-0.776768	-0.790512	-0.785865
12	2.71411	2.76816	2.71808	2.50951	2.2478	2.05505	1.93805	1.88387	1.9176	2.03474	2.20401	2.39296	2.56558	2.71849	2.89052	3.06201	3.15489	3.16118	3.09876	2.98459	2.86115	2.76434	2.70572	2.67717	2.65253	2.59795	2.51031	2.35921	2.1471	1.9371	1.76446	1.6247	1.6172	1.75164	1.75971	1.54692	1.30378	1.14154	1.07874	1.1173	1.24023	1.29582	1.13904	0.880129	0.669929	0.53871	0.484461	0.493505	0.504866	0.408391	0.228122	0.0910122	0.0239575	-0.0258102	-0.0691375	-0.0992504	-0.124755	-0.147634	-0.164836	-0.174231	-0.183128	-0.198532	-0.213549	-0.225704	-0.23493	-0.243092	-0.253061	-0.259408	-0.263194	-0.270584	-0.278392	-0.281161	-0.280591	-0.278806	-0.27372	-0.269584	-0.264165	-0.25545	-0.255133	-0.26173	-0.263755	-0.265891	-0.266617	-0.262662	-0.256197	-0.241505	-0.217326	-0.187606	-0.179557	-0.201803	-0.234035	-0.256289	-0.261371	-0.253263	-0.23677	-0.213887	-0.208902	-0.23777	-0.264258	-0.275809	-0.280578	-0.280785	-0.273285	-0.261502	-0.252757	-0.247756	-0.241282	-0.223923	-0.189986	-0.150153	-0.119015	-0.103851	-0.107092	-0.128789	-0.159177	-0.178608	-0.182389	-0.175143	-0.167039	-0.153855	-0.133997	-0.113233	-0.0957137	-0.0737292	-0.0476974	-0.019931	0.0118829	0.0448318	0.0730963	0.108291	0.149989	0.190826	0.230144	0.263017	0.282224	0.300457	0.320095	0.321217	0.320466	0.32223	0.316879	0.308379	0.299541	0.297072	0.300182	0.306277	0.323627	0.361502	0.428696	0.520022	0.623715	0.704178	0.745217	0.739908	0.674702	0.543429	0.349545	0.139417	-0.0406283	-0.186281	-0.286998	-0.359319	-0.415967	-0.451076	-0.476041	-0.50214	-0.526336	-0.542901	-0.55639	-0.568933	-0.582919	-0.598763	-0.609204	-0.615767	-0.62252	-0.630585	-0.634417	-0.635333	-0.636494	-0.650751	-0.663007	-0.664843	-0.669186	-0.674347	-0.67731	-0.680015	-0.679868	-0.679171	-0.683324	-0.684751	-0.681598	-0.680627	-0.679074	-0.682687	-0.685654	-0.681328	-0.676107	-0.675449	-0.678572	-0.685751	-0.68895	-0.692099	-0.692158	-0.689967	-0.688739	-0.693289	-0.694314	-0.691022	-0.689093	-0.692103	-0.697454	-0.695551	-0.693327	-0.692917	-0.692554	-0.69385	-0.693128	-0.693559	-0.693356	-0.693892	-0.697399	-0.694276	-0.689131	-0.689722	-0.692124	-0.695618	-0.692385	-0.689908	-0.689473	-0.692052	-0.694424	-0.69664	-0.695931	-0.691664	-0.684768	-0.68164	-0.680686	-0.686156	-0.695302	-0.694276	-0.693913	-0.696593	-0.700539	-0.698353	-0.699058	-0.701869	-0.69623	-0.696813	-0.699488	-0.69342	-0.691368	-0.69642	-0.697644	-0.693875	-0.684173	-0.680315	-0.679686	-0.678399	-0.682565	-0.682636	-0.682206	-0.685426	-0.689841	-0.684801	-0.686359	-0.684489	-0.682383	-0.686671	-0.677854	-0.67322	-0.67249	-0.672613	-0.675204	-0.676774	-0.67663	-0.667713	-0.668451	-0.680395	-0.684717	-0.691795	-0.70005	-0.706051	-0.706444	-0.703852	-0.699408	-0.693078	-0.696517	-0.703802	-0.710989	-0.714041	-0.711129	-0.708963	-0.715391	-0.728783	-0.726774	-0.717248	-0.717662	-0.734307	-0.749881	-0.7563	-0.750316
13	2.4187	2.49515	2.4955	2.37952	2.23866	2.1405	2.02646	1.89822	1.85542	1.91453	2.0299	2.17476	2.32319	2.47176	2.66349	2.83626	2.86659	2.80862	2.73059	2.62723	2.52061	2.4397	2.40073	2.39335	2.40318	2.41057	2.39964	2.29261	2.07732	1.88323	1.7551	1.61481	1.55643	1.64869	1.66044	1.49503	1.31146	1.20735	1.19504	1.26262	1.38404	1.42946	1.281	1.03117	0.814405	0.689152	0.67215	0.751835	0.810202	0.648335	0.333714	0.110481	0.0170856	-0.0514877	-0.115077	-0.151175	-0.174887	-0.195121	-0.2122	-0.223678	-0.234563	-0.251899	-0.268709	-0.278436	-0.285947	-0.292008	-0.298373	-0.299592	-0.301128	-0.307241	-0.307396	-0.298909	-0.287533	-0.272827	-0.252829	-0.234555	-0.214777	-0.196328	-0.191133	-0.194003	-0.197454	-0.199246	-0.197612	-0.191247	-0.176017	-0.143245	-0.0897757	-0.0295756	-0.00980961	-0.0529061	-0.118805	-0.160934	-0.165222	-0.147131	-0.111785	-0.0655103	-0.0677701	-0.131283	-0.179993	-0.199226	-0.207912	-0.209509	-0.194893	-0.168612	-0.149549	-0.14394	-0.136177	-0.104692	-0.0414399	0.0317708	0.0835775	0.0981124	0.0758468	0.0129113	-0.0698105	-0.123475	-0.1427	-0.140469	-0.130848	-0.118906	-0.101994	-0.0817198	-0.062222	-0.0381599	-0.0113664	0.0199591	0.0551866	0.0894794	0.122853	0.16408	0.211091	0.260256	0.308002	0.344063	0.360801	0.373409	0.387005	0.391988	0.400483	0.414567	0.424996	0.436621	0.455692	0.488566	0.538665	0.60256	0.682372	0.797667	0.958611	1.15593	1.34828	1.47611	1.52542	1.49149	1.355	1.11096	0.789623	0.463264	0.186472	-0.0333109	-0.18913	-0.303291	-0.382537	-0.434182	-0.473738	-0.509982	-0.542567	-0.567654	-0.586383	-0.60493	-0.62572	-0.646104	-0.658391	-0.66769	-0.675986	-0.682331	-0.688606	-0.695126	-0.698764	-0.71201	-0.722924	-0.727878	-0.735024	-0.742072	-0.745023	-0.745457	-0.746486	-0.748636	-0.753509	-0.758188	-0.759358	-0.758436	-0.756289	-0.755448	-0.756651	-0.75494	-0.754761	-0.755619	-0.759785	-0.765833	-0.76726	-0.769621	-0.77006	-0.77143	-0.772442	-0.770816	-0.767967	-0.767959	-0.767174	-0.770215	-0.774056	-0.77356	-0.77432	-0.775198	-0.776506	-0.777238	-0.775251	-0.775137	-0.777974	-0.783628	-0.784392	-0.776409	-0.773865	-0.773259	-0.77067	-0.771271	-0.774755	-0.776535	-0.771223	-0.767727	-0.768154	-0.770463	-0.770767	-0.772958	-0.773007	-0.770341	-0.771137	-0.770288	-0.7726	-0.774466	-0.774808	-0.776722	-0.78077	-0.776994	-0.775779	-0.778608	-0.773129	-0.772328	-0.777206	-0.7733	-0.770141	-0.779332	-0.77962	-0.773413	-0.767674	-0.76461	-0.762565	-0.758013	-0.757143	-0.756834	-0.756485	-0.757403	-0.766743	-0.771044	-0.769727	-0.763159	-0.761265	-0.764797	-0.760757	-0.756419	-0.755704	-0.753619	-0.748217	-0.746998	-0.748693	-0.742486	-0.736239	-0.740832	-0.747977	-0.752453	-0.761134	-0.773779	-0.7814	-0.785278	-0.780973	-0.769178	-0.772202	-0.777832	-0.775344	-0.778637	-0.788233	-0.783038	-0.780636	-0.794049	-0.799695	-0.802573	-0.804995	-0.812214	-0.812445	-0.818103	-0.810153
14	2.48242	2.53123	2.52743	2.42621	2.29606	2.19957	2.11102	2.02819	2.00591	2.05785	2.15502	2.27388	2.39449	2.50963	2.64321	2.76274	2.78637	2.74429	2.68264	2.59804	2.50599	2.43287	2.38916	2.37	2.36823	2.3609	2.32992	2.22815	2.0598	1.90735	1.80222	1.69396	1.64567	1.71007	1.71688	1.58164	1.42386	1.32642	1.29742	1.32239	1.38699	1.4014	1.27108	1.05311	0.851399	0.71785	0.662525	0.675241	0.681905	0.5557	0.324425	0.142995	0.0554796	-0.00748829	-0.0667359	-0.103568	-0.13045	-0.154073	-0.170438	-0.18064	-0.191999	-0.209538	-0.224389	-0.233684	-0.240531	-0.245275	-0.250919	-0.254578	-0.254984	-0.256469	-0.255083	-0.24761	-0.236483	-0.220209	-0.198743	-0.175228	-0.149805	-0.126166	-0.115964	-0.118154	-0.12284	-0.129061	-0.130583	-0.128501	-0.120447	-0.096849	-0.0607265	-0.0204774	-0.0124151	-0.0501345	-0.101656	-0.136887	-0.142058	-0.126494	-0.100553	-0.0717997	-0.0715676	-0.114587	-0.152281	-0.165138	-0.164636	-0.157117	-0.1412	-0.119547	-0.104074	-0.0961109	-0.0834411	-0.0537841	-0.00437363	0.0488273	0.083233	0.0940157	0.0829798	0.0488149	0.00244847	-0.0252592	-0.0296014	-0.0202038	-0.00573395	0.0142061	0.0405534	0.069012	0.0937752	0.122536	0.153827	0.188192	0.224878	0.260802	0.294146	0.330803	0.37065	0.41019	0.445309	0.472295	0.481991	0.489966	0.504727	0.508447	0.5095	0.511171	0.510678	0.512009	0.517027	0.527196	0.546543	0.574359	0.609283	0.661318	0.736284	0.828996	0.92398	0.980267	0.983883	0.937028	0.831683	0.660895	0.439938	0.213502	0.0199707	-0.13896	-0.254109	-0.335789	-0.40239	-0.44944	-0.48232	-0.513304	-0.542405	-0.56575	-0.584226	-0.601889	-0.62073	-0.638949	-0.65183	-0.661265	-0.668875	-0.677788	-0.685767	-0.689997	-0.692822	-0.707084	-0.721678	-0.728754	-0.735157	-0.740312	-0.743472	-0.746753	-0.750381	-0.75355	-0.75829	-0.763342	-0.765191	-0.762695	-0.762524	-0.764822	-0.765714	-0.766411	-0.766386	-0.766701	-0.77096	-0.776538	-0.778574	-0.781357	-0.781183	-0.780163	-0.780582	-0.781619	-0.784144	-0.784571	-0.781075	-0.781627	-0.786023	-0.787827	-0.785471	-0.784065	-0.787669	-0.790647	-0.790154	-0.790896	-0.793144	-0.795047	-0.799978	-0.796047	-0.790237	-0.788627	-0.789494	-0.79314	-0.794778	-0.792617	-0.786977	-0.786052	-0.791286	-0.797689	-0.800708	-0.797606	-0.791016	-0.785845	-0.785189	-0.788889	-0.79309	-0.79474	-0.794674	-0.796474	-0.802886	-0.803118	-0.805743	-0.803744	-0.794384	-0.794857	-0.798946	-0.794554	-0.794819	-0.801086	-0.796814	-0.793463	-0.791062	-0.790025	-0.791974	-0.787703	-0.784899	-0.785521	-0.786985	-0.788735	-0.794691	-0.793554	-0.792314	-0.790896	-0.790419	-0.791784	-0.787035	-0.784364	-0.785961	-0.791054	-0.78735	-0.776999	-0.772673	-0.768322	-0.766755	-0.776314	-0.782883	-0.788428	-0.79866	-0.808115	-0.810653	-0.815696	-0.812984	-0.804495	-0.805503	-0.807725	-0.811981	-0.821793	-0.826102	-0.825331	-0.837051	-0.851748	-0.849808	-0.843442	-0.846461	-0.85833	-0.863116	-0.869731	-0.86385
15	2.7261	2.78719	2.73858	2.52099	2.25162	2.05774	1.93646	1.87433	1.90527	2.02428	2.19649	2.39018	2.56848	2.72801	2.91398	3.09843	3.19391	3.19529	3.12655	3.00215	2.86757	2.76598	2.71066	2.68317	2.65531	2.60156	2.51356	2.35806	2.13825	1.91741	1.73515	1.58759	1.5783	1.71947	1.7273	1.50251	1.25177	1.08594	1.01924	1.06332	1.20397	1.27277	1.11301	0.846186	0.63691	0.511667	0.463843	0.489035	0.517141	0.415989	0.215101	0.063124	-0.00872551	-0.0591966	-0.105915	-0.140455	-0.16559	-0.184977	-0.198488	-0.20919	-0.220338	-0.23602	-0.251126	-0.262252	-0.272312	-0.28028	-0.289138	-0.296084	-0.301771	-0.309748	-0.314977	-0.317458	-0.317764	-0.315466	-0.313605	-0.310993	-0.30489	-0.30071	-0.302815	-0.308018	-0.30828	-0.306904	-0.305511	-0.302116	-0.295315	-0.280681	-0.255891	-0.225833	-0.216476	-0.238099	-0.274697	-0.300937	-0.309407	-0.307371	-0.292262	-0.266039	-0.26219	-0.293397	-0.321752	-0.332192	-0.334324	-0.330838	-0.319747	-0.303755	-0.290296	-0.28297	-0.274723	-0.255848	-0.218516	-0.17344	-0.136541	-0.116679	-0.120243	-0.146772	-0.182321	-0.204625	-0.21182	-0.207596	-0.197977	-0.186484	-0.170352	-0.151599	-0.131133	-0.107772	-0.0822698	-0.0539939	-0.0224376	0.0117661	0.0449518	0.0830869	0.126783	0.169893	0.212558	0.248243	0.273627	0.294407	0.312199	0.319769	0.324932	0.325286	0.322442	0.318087	0.311814	0.310019	0.312317	0.32225	0.350775	0.403648	0.487244	0.603471	0.736572	0.845059	0.903362	0.908302	0.84743	0.69631	0.465905	0.216101	0.00134767	-0.166136	-0.283067	-0.365705	-0.425437	-0.465914	-0.491721	-0.516656	-0.541983	-0.561575	-0.574601	-0.58719	-0.60334	-0.616973	-0.626802	-0.638181	-0.644384	-0.647079	-0.651185	-0.655213	-0.659276	-0.669694	-0.679029	-0.682113	-0.684673	-0.687669	-0.689963	-0.691007	-0.690963	-0.693156	-0.697598	-0.700966	-0.695047	-0.691055	-0.690137	-0.691972	-0.690399	-0.686005	-0.684585	-0.683157	-0.686538	-0.693042	-0.69285	-0.692999	-0.691352	-0.694261	-0.694667	-0.695746	-0.692916	-0.689024	-0.688242	-0.689369	-0.694575	-0.696349	-0.692972	-0.688988	-0.691867	-0.693571	-0.689058	-0.689779	-0.690159	-0.691994	-0.696397	-0.693186	-0.687451	-0.685245	-0.683996	-0.682144	-0.679343	-0.679247	-0.676853	-0.675941	-0.674652	-0.679514	-0.682545	-0.67774	-0.668012	-0.666806	-0.66813	-0.668008	-0.66768	-0.66664	-0.667501	-0.668183	-0.669938	-0.668012	-0.669654	-0.673175	-0.667798	-0.664373	-0.666431	-0.663666	-0.660975	-0.663456	-0.661281	-0.654029	-0.647171	-0.64839	-0.644533	-0.638417	-0.643039	-0.644524	-0.642794	-0.644437	-0.651867	-0.652548	-0.655143	-0.649482	-0.645668	-0.642908	-0.634123	-0.631886	-0.635141	-0.640003	-0.632537	-0.626841	-0.631292	-0.632703	-0.630659	-0.633394	-0.636849	-0.63954	-0.645996	-0.65755	-0.665404	-0.669454	-0.662862	-0.655065	-0.653575	-0.655493	-0.664185	-0.668864	-0.665693	-0.664871	-0.667099	-0.687171	-0.695803	-0.690583	-0.695681	-0.702613	-0.710458	-0.719361	-0.714386
16	2.57372	2.61278	2.58381	2.44397	2.26895	2.14244	2.0568	2.00292	2.01628	2.10086	2.22649	2.36535	2.4975	2.61761	2.75158	2.88305	2.93955	2.92348	2.86351	2.7665	2.66033	2.57293	2.52016	2.49432	2.47519	2.44317	2.39008	2.27878	2.10883	1.9435	1.81375	1.70067	1.67747	1.76783	1.77319	1.6114	1.4257	1.30372	1.25288	1.26997	1.34463	1.3638	1.22062	0.988131	0.781335	0.6432	0.579006	0.583365	0.591097	0.485763	0.289751	0.137124	0.0614365	0.00710013	-0.0445171	-0.0820036	-0.109008	-0.132132	-0.151396	-0.163383	-0.176912	-0.193839	-0.207682	-0.216696	-0.224557	-0.231713	-0.240121	-0.245461	-0.249733	-0.254707	-0.255641	-0.253473	-0.248197	-0.239432	-0.225216	-0.209656	-0.193865	-0.18001	-0.176146	-0.179481	-0.182424	-0.186752	-0.188267	-0.184713	-0.17757	-0.159993	-0.131198	-0.0965342	-0.0831954	-0.10289	-0.133672	-0.154111	-0.155079	-0.143663	-0.124172	-0.0981176	-0.0932083	-0.122588	-0.151856	-0.167596	-0.177815	-0.181985	-0.177979	-0.167351	-0.15933	-0.15668	-0.151637	-0.133801	-0.0961297	-0.052133	-0.018106	-0.00169937	-0.00549873	-0.0256919	-0.0558508	-0.075489	-0.0787249	-0.0688238	-0.0548395	-0.0378863	-0.0164795	0.00738404	0.0287993	0.0540055	0.0827917	0.112796	0.14517	0.177382	0.206361	0.238474	0.272832	0.306575	0.339866	0.367073	0.378144	0.386298	0.39897	0.398437	0.394091	0.390528	0.383841	0.377081	0.371664	0.370601	0.378906	0.393914	0.420738	0.468861	0.542522	0.640713	0.745471	0.816386	0.838778	0.811429	0.722808	0.56951	0.368794	0.163195	-0.0159373	-0.161077	-0.263791	-0.338566	-0.397601	-0.438741	-0.468684	-0.49738	-0.524824	-0.543279	-0.560331	-0.578067	-0.593721	-0.610175	-0.62363	-0.632722	-0.641539	-0.649086	-0.652391	-0.657778	-0.660962	-0.673707	-0.687468	-0.693728	-0.698418	-0.702308	-0.70649	-0.708022	-0.708281	-0.71165	-0.717545	-0.721817	-0.721563	-0.720518	-0.718793	-0.720961	-0.723272	-0.722631	-0.723349	-0.723491	-0.724773	-0.732127	-0.735079	-0.736993	-0.737045	-0.738822	-0.738246	-0.737781	-0.738969	-0.738026	-0.738112	-0.741649	-0.746133	-0.748887	-0.750027	-0.748189	-0.748465	-0.749932	-0.75155	-0.755152	-0.754889	-0.757208	-0.761731	-0.757609	-0.755689	-0.755156	-0.752178	-0.752983	-0.756675	-0.753912	-0.747867	-0.750565	-0.754295	-0.756675	-0.758331	-0.759261	-0.755909	-0.75192	-0.7513	-0.753039	-0.757475	-0.759566	-0.761722	-0.765887	-0.76692	-0.76223	-0.765057	-0.76754	-0.762475	-0.761623	-0.763004	-0.762157	-0.763697	-0.768219	-0.768671	-0.763026	-0.756094	-0.754868	-0.75405	-0.749343	-0.749536	-0.753125	-0.757036	-0.756374	-0.759846	-0.763572	-0.76843	-0.766735	-0.761868	-0.762991	-0.756068	-0.754218	-0.759889	-0.762092	-0.758594	-0.753891	-0.75436	-0.7526	-0.749343	-0.756012	-0.761584	-0.767015	-0.777105	-0.783723	-0.783434	-0.785887	-0.777161	-0.772991	-0.777643	-0.77849	-0.782522	-0.782608	-0.775306	-0.769201	-0.782238	-0.811738	-0.815297	-0.800504	-0.794376	-0.798271	-0.806214	-0.81546	-0.815671
17	2.5942	2.63678	2.60551	2.45554	2.2693	2.1315	2.03773	1.98151	1.99945	2.09117	2.22095	2.36854	2.51136	2.6406	2.7882	2.92788	2.98548	2.97167	2.9117	2.8118	2.70107	2.61151	2.55667	2.52834	2.50984	2.47414	2.41269	2.29387	2.11486	1.94025	1.80451	1.6894	1.66956	1.76704	1.77741	1.60852	1.40794	1.27389	1.22207	1.24831	1.33095	1.35366	1.20594	0.964159	0.751216	0.613536	0.554008	0.561072	0.567006	0.459822	0.26437	0.115507	0.0449767	-0.00883539	-0.0592628	-0.09272	-0.118282	-0.13912	-0.156888	-0.169844	-0.179725	-0.195582	-0.212212	-0.222257	-0.229514	-0.235679	-0.242704	-0.245946	-0.249625	-0.256449	-0.259603	-0.255202	-0.247148	-0.239845	-0.229699	-0.216454	-0.198887	-0.18376	-0.180216	-0.185088	-0.188783	-0.191114	-0.192655	-0.195796	-0.191223	-0.16989	-0.139574	-0.105373	-0.0925941	-0.115372	-0.150375	-0.169268	-0.166832	-0.155964	-0.135958	-0.109111	-0.103042	-0.13183	-0.161739	-0.178473	-0.189934	-0.194612	-0.190127	-0.17907	-0.169823	-0.166224	-0.162285	-0.143811	-0.10476	-0.0600187	-0.0279094	-0.0149332	-0.0218034	-0.0479368	-0.082385	-0.100321	-0.099981	-0.089058	-0.0771023	-0.063097	-0.0410371	-0.0169236	0.00522444	0.0293001	0.0566849	0.0891889	0.124456	0.15675	0.182228	0.213313	0.250386	0.286069	0.32092	0.3477	0.362596	0.373141	0.383774	0.383098	0.38222	0.37834	0.369471	0.362268	0.356116	0.35783	0.366619	0.379574	0.402936	0.450033	0.528039	0.626034	0.724797	0.78933	0.808152	0.777479	0.687081	0.540192	0.344614	0.14227	-0.030593	-0.172577	-0.272815	-0.344831	-0.404153	-0.445745	-0.474591	-0.501023	-0.527664	-0.546071	-0.559358	-0.574052	-0.591291	-0.607761	-0.619184	-0.631274	-0.638602	-0.643432	-0.650898	-0.657151	-0.658554	-0.671022	-0.683994	-0.689878	-0.695303	-0.700355	-0.703413	-0.70424	-0.708066	-0.711933	-0.717388	-0.718472	-0.71633	-0.717393	-0.717225	-0.71646	-0.71709	-0.717082	-0.716637	-0.717821	-0.722949	-0.728496	-0.729659	-0.731293	-0.729118	-0.729953	-0.731868	-0.735484	-0.737407	-0.733237	-0.729252	-0.73204	-0.739091	-0.740666	-0.740414	-0.741065	-0.744891	-0.747129	-0.744916	-0.744139	-0.744668	-0.75056	-0.755856	-0.74875	-0.742287	-0.74416	-0.745878	-0.746928	-0.748158	-0.745218	-0.741313	-0.745958	-0.74786	-0.746781	-0.747965	-0.748192	-0.742627	-0.740015	-0.742745	-0.742543	-0.744996	-0.747856	-0.74857	-0.749456	-0.753042	-0.75266	-0.753815	-0.752723	-0.748935	-0.750178	-0.750484	-0.743702	-0.743778	-0.752412	-0.752446	-0.749531	-0.744765	-0.743119	-0.741204	-0.73265	-0.735266	-0.737349	-0.735329	-0.739331	-0.745647	-0.744408	-0.744463	-0.744206	-0.746037	-0.74458	-0.738361	-0.741636	-0.741393	-0.734539	-0.73414	-0.732788	-0.732704	-0.730726	-0.734258	-0.74398	-0.740591	-0.745	-0.753823	-0.754231	-0.75977	-0.766405	-0.771045	-0.764796	-0.764817	-0.773662	-0.776589	-0.771562	-0.766896	-0.7711	-0.783862	-0.800194	-0.794659	-0.78088	-0.785332	-0.798418	-0.798224	-0.801303	-0.794772
18	2.63644	2.69319	2.66035	2.48187	2.26028	2.09879	1.98481	1.90766	1.91686	2.01044	2.15258	2.31818	2.4791	2.62971	2.80403	2.97278	3.04446	3.02877	2.96163	2.85175	2.73379	2.64264	2.59231	2.57091	2.55634	2.52517	2.46466	2.32744	2.11781	1.91939	1.76429	1.6274	1.60037	1.71367	1.72172	1.52961	1.31162	1.17146	1.1201	1.16407	1.28675	1.34381	1.19833	0.951833	0.748697	0.626212	0.583169	0.609582	0.630982	0.517887	0.298832	0.132739	0.0567106	-0.000211928	-0.0530512	-0.0848419	-0.108512	-0.13132	-0.150605	-0.161025	-0.171285	-0.189922	-0.205505	-0.215723	-0.224552	-0.232856	-0.242501	-0.248389	-0.253784	-0.259747	-0.262859	-0.265007	-0.264488	-0.259424	-0.254345	-0.248666	-0.237911	-0.228999	-0.228727	-0.233518	-0.236261	-0.237011	-0.236035	-0.233091	-0.22461	-0.203248	-0.172529	-0.137962	-0.126885	-0.155861	-0.200865	-0.232576	-0.240981	-0.234201	-0.215325	-0.187769	-0.186182	-0.224233	-0.256966	-0.2693	-0.272072	-0.268487	-0.25669	-0.237162	-0.220096	-0.211921	-0.20411	-0.18018	-0.135583	-0.0863578	-0.0494536	-0.0325638	-0.0398088	-0.0709253	-0.115384	-0.142841	-0.151954	-0.148963	-0.13939	-0.12606	-0.108156	-0.0865296	-0.0651208	-0.0415803	-0.0137179	0.0168289	0.0493148	0.082722	0.114513	0.153469	0.19748	0.240415	0.282248	0.31607	0.337077	0.354984	0.372151	0.37873	0.383617	0.388245	0.389275	0.389137	0.389455	0.39719	0.414738	0.442047	0.480531	0.539468	0.625546	0.73708	0.851871	0.926086	0.947654	0.919494	0.829621	0.669955	0.453858	0.227587	0.0309088	-0.12724	-0.24114	-0.327265	-0.391328	-0.434598	-0.467595	-0.496688	-0.522884	-0.542605	-0.558816	-0.575384	-0.593505	-0.608929	-0.619956	-0.630238	-0.638258	-0.644129	-0.647923	-0.653435	-0.660613	-0.675983	-0.686838	-0.68935	-0.69247	-0.697236	-0.700775	-0.7024	-0.703564	-0.706157	-0.712514	-0.716254	-0.714713	-0.713787	-0.711111	-0.710018	-0.711308	-0.710772	-0.710089	-0.709809	-0.713054	-0.721288	-0.723964	-0.723901	-0.722284	-0.723792	-0.724617	-0.726774	-0.728964	-0.72927	-0.729605	-0.730715	-0.731519	-0.731439	-0.733349	-0.73479	-0.733094	-0.732809	-0.734149	-0.735552	-0.734475	-0.738039	-0.743387	-0.73747	-0.731711	-0.734312	-0.734714	-0.736582	-0.737616	-0.735523	-0.73332	-0.733609	-0.737185	-0.740146	-0.736733	-0.736306	-0.733676	-0.731724	-0.733282	-0.731594	-0.734421	-0.737328	-0.736046	-0.73533	-0.736632	-0.738462	-0.740531	-0.739099	-0.733253	-0.731527	-0.734417	-0.730501	-0.729839	-0.73613	-0.736632	-0.733567	-0.728286	-0.725807	-0.724956	-0.72143	-0.720517	-0.720701	-0.720404	-0.719667	-0.723788	-0.723336	-0.728403	-0.731892	-0.733839	-0.732344	-0.717975	-0.715224	-0.717217	-0.719257	-0.720877	-0.720153	-0.721874	-0.714541	-0.70985	-0.71452	-0.71808	-0.722762	-0.726263	-0.73685	-0.746935	-0.751445	-0.747726	-0.741448	-0.740121	-0.742784	-0.743986	-0.747898	-0.741348	-0.732084	-0.737135	-0.757551	-0.765563	-0.758942	-0.762849	-0.777691	-0.778487	-0.777067	-0.769097
19	2.34274	2.42058	2.42755	2.32771	2.20889	2.12796	2.01046	1.8597	1.79535	1.83449	1.9336	2.06854	2.21445	2.36751	2.56352	2.733	2.754	2.68837	2.60953	2.51274	2.41258	2.33988	2.30647	2.30229	2.31779	2.34121	2.34815	2.24693	2.02738	1.8326	1.71109	1.56986	1.5004	1.58012	1.5853	1.42878	1.26006	1.16761	1.16012	1.23346	1.36209	1.41163	1.27286	1.03946	0.841576	0.732161	0.731589	0.838222	0.917685	0.742823	0.391351	0.142286	0.0406216	-0.0328021	-0.101142	-0.143094	-0.171171	-0.194446	-0.212384	-0.225267	-0.241445	-0.259643	-0.273938	-0.283787	-0.292519	-0.300893	-0.309454	-0.315051	-0.320607	-0.324362	-0.325205	-0.320124	-0.311939	-0.304426	-0.295226	-0.283093	-0.270833	-0.262767	-0.256646	-0.251369	-0.245631	-0.238099	-0.226493	-0.211359	-0.187991	-0.146611	-0.0868542	-0.0199744	0.0097257	-0.0249956	-0.0901856	-0.134151	-0.14107	-0.122463	-0.0801989	-0.0284941	-0.0340833	-0.102765	-0.156638	-0.180051	-0.188507	-0.186491	-0.168475	-0.138622	-0.118671	-0.115191	-0.106486	-0.071267	-0.00181708	0.0790047	0.1366	0.152024	0.125703	0.0559674	-0.034971	-0.0971232	-0.125635	-0.133965	-0.129033	-0.117137	-0.102467	-0.085573	-0.0674046	-0.0439438	-0.0157182	0.016745	0.0517894	0.0855932	0.123635	0.170749	0.222105	0.275734	0.326781	0.365803	0.386371	0.40058	0.415113	0.432798	0.455096	0.473826	0.486353	0.505375	0.539758	0.589788	0.655732	0.738029	0.839671	0.977653	1.16945	1.40394	1.63371	1.78836	1.85034	1.82519	1.67514	1.37855	0.987138	0.599214	0.275526	0.0254578	-0.15197	-0.275747	-0.359336	-0.418041	-0.460183	-0.498038	-0.533421	-0.563028	-0.588112	-0.611583	-0.630977	-0.646869	-0.659017	-0.669401	-0.678192	-0.687288	-0.695792	-0.703161	-0.7093	-0.719858	-0.730692	-0.739594	-0.746053	-0.750275	-0.753922	-0.758665	-0.762186	-0.763738	-0.764626	-0.76506	-0.76402	-0.765829	-0.766865	-0.765019	-0.763114	-0.761213	-0.759638	-0.761565	-0.767055	-0.772633	-0.774902	-0.77556	-0.777067	-0.780373	-0.780681	-0.780855	-0.779273	-0.779407	-0.778661	-0.778174	-0.780168	-0.783377	-0.785034	-0.785699	-0.785992	-0.787436	-0.788046	-0.78799	-0.789197	-0.791793	-0.795403	-0.789954	-0.786868	-0.788814	-0.787485	-0.789765	-0.790768	-0.787095	-0.78409	-0.785093	-0.787377	-0.789171	-0.791355	-0.792406	-0.791852	-0.791849	-0.792253	-0.794382	-0.796506	-0.794033	-0.793011	-0.796075	-0.801211	-0.800405	-0.801523	-0.802563	-0.793694	-0.795763	-0.801638	-0.795837	-0.793568	-0.797186	-0.795874	-0.791626	-0.787956	-0.788933	-0.789137	-0.783585	-0.784644	-0.785958	-0.783192	-0.781984	-0.787043	-0.787983	-0.787333	-0.787767	-0.78549	-0.784454	-0.778156	-0.776469	-0.778207	-0.778538	-0.774553	-0.77368	-0.77169	-0.765465	-0.762026	-0.765227	-0.76724	-0.769959	-0.778947	-0.791837	-0.800729	-0.808539	-0.803559	-0.793453	-0.790798	-0.790341	-0.792313	-0.801111	-0.805081	-0.804272	-0.801211	-0.816606	-0.827101	-0.820271	-0.81333	-0.816264	-0.817478	-0.828349	-0.827402
20	2.5363	2.61189	2.58979	2.42521	2.22217	2.08623	1.97052	1.85313	1.82708	1.90409	2.04031	2.20482	2.36738	2.52612	2.70978	2.88738	2.96232	2.94169	2.87227	2.75962	2.64047	2.55454	2.51227	2.486	2.47644	2.47973	2.45142	2.3226	2.09171	1.87289	1.71344	1.56893	1.52627	1.63638	1.62077	1.42426	1.22602	1.09782	1.05154	1.11408	1.26649	1.33627	1.17373	0.914622	0.720406	0.612836	0.60427	0.690508	0.771251	0.629493	0.32344	0.101171	0.00980555	-0.045391	-0.110821	-0.15418	-0.172129	-0.183042	-0.197955	-0.230944	-0.270664	-0.274871	-0.267877	-0.274687	-0.282702	-0.297703	-0.305553	-0.324229	-0.342721	-0.335791	-0.334007	-0.328148	-0.319106	-0.317283	-0.323637	-0.31046	-0.31162	-0.336351	-0.335507	-0.313003	-0.297087	-0.286417	-0.280554	-0.270064	-0.257511	-0.241942	-0.214068	-0.19274	-0.156524	-0.151249	-0.197643	-0.237043	-0.253544	-0.24479	-0.203398	-0.166354	-0.187122	-0.226289	-0.250932	-0.266097	-0.270244	-0.266089	-0.248697	-0.218923	-0.200935	-0.198751	-0.190697	-0.160295	-0.100028	-0.0322978	0.0229349	0.0423508	0.0268821	-0.0271908	-0.100859	-0.150349	-0.177124	-0.199031	-0.188685	-0.159879	-0.144514	-0.124611	-0.101659	-0.0785002	-0.0504499	-0.0216599	-0.00254387	0.0198476	0.0734284	0.128501	0.173875	0.217934	0.251651	0.285064	0.318985	0.312603	0.290031	0.332323	0.378189	0.393894	0.391226	0.390143	0.408639	0.437465	0.463399	0.515385	0.59444	0.694795	0.855886	1.08701	1.329	1.50368	1.58547	1.62329	1.55015	1.29722	0.933002	0.543995	0.193007	-0.0454949	-0.212348	-0.325705	-0.378698	-0.42622	-0.461141	-0.488599	-0.51443	-0.545031	-0.575649	-0.613713	-0.62977	-0.624755	-0.62581	-0.634101	-0.639112	-0.652149	-0.664226	-0.683459	-0.706614	-0.695636	-0.684594	-0.692801	-0.696728	-0.694568	-0.698204	-0.70489	-0.711681	-0.715864	-0.708773	-0.707865	-0.712073	-0.713292	-0.717667	-0.716767	-0.707282	-0.710825	-0.715536	-0.722194	-0.730257	-0.728573	-0.726474	-0.722762	-0.720159	-0.721791	-0.72539	-0.72203	-0.717116	-0.721191	-0.730081	-0.726965	-0.721143	-0.719639	-0.723282	-0.730245	-0.727393	-0.726665	-0.725866	-0.729213	-0.727009	-0.723766	-0.727797	-0.732736	-0.727122	-0.72385	-0.727489	-0.737499	-0.74131	-0.742498	-0.740615	-0.733668	-0.732028	-0.733684	-0.735476	-0.736076	-0.744114	-0.753264	-0.749317	-0.743146	-0.732712	-0.731668	-0.73678	-0.740491	-0.737623	-0.735196	-0.739311	-0.743166	-0.743398	-0.740127	-0.741858	-0.738227	-0.73292	-0.729177	-0.72557	-0.721587	-0.72379	-0.728737	-0.727801	-0.723598	-0.725862	-0.725878	-0.720711	-0.726242	-0.727901	-0.734008	-0.732108	-0.724926	-0.722486	-0.724794	-0.728749	-0.728805	-0.729569	-0.730513	-0.73486	-0.731485	-0.725254	-0.729245	-0.728061	-0.728253	-0.735516	-0.744294	-0.749477	-0.753212	-0.750681	-0.752404	-0.752916	-0.759915	-0.754652	-0.743734	-0.74171	-0.742446	-0.750257	-0.746969	-0.743782	-0.745757	-0.756275	-0.763118	-0.769085	-0.7716	-0.768601	-0.788917	-0.788005
21	2.55146	2.62982	2.60193	2.43647	2.2321	2.09799	1.98057	1.86006	1.83998	1.92534	2.06791	2.23648	2.40296	2.56242	2.74344	2.91636	2.99811	2.97862	2.90591	2.79228	2.66865	2.58195	2.54189	2.5104	2.49061	2.50595	2.48299	2.3528	2.11435	1.88564	1.72143	1.57552	1.53538	1.64305	1.60403	1.40266	1.21944	1.09463	1.04213	1.10898	1.27369	1.3394	1.15509	0.887638	0.697344	0.595506	0.594505	0.680886	0.757527	0.608076	0.292896	0.0670603	-0.021439	-0.0720301	-0.143074	-0.193269	-0.204062	-0.209947	-0.224183	-0.277409	-0.338929	-0.329081	-0.301897	-0.304263	-0.314825	-0.335698	-0.346367	-0.371805	-0.399188	-0.376953	-0.369195	-0.359218	-0.345603	-0.343921	-0.355083	-0.335802	-0.344334	-0.397839	-0.396662	-0.356756	-0.332339	-0.311778	-0.299303	-0.289995	-0.282805	-0.270451	-0.252708	-0.257428	-0.213514	-0.176319	-0.213871	-0.25318	-0.274542	-0.26664	-0.215632	-0.183313	-0.223323	-0.256535	-0.264378	-0.276468	-0.27845	-0.275551	-0.25808	-0.227991	-0.208258	-0.206937	-0.198462	-0.165553	-0.104702	-0.0399908	0.0118013	0.0336919	0.0188752	-0.0395303	-0.113473	-0.160886	-0.194714	-0.233579	-0.213138	-0.172952	-0.163888	-0.147818	-0.118321	-0.094381	-0.0616412	-0.0319719	-0.0280927	-0.0201258	0.0464987	0.117551	0.167101	0.209053	0.231636	0.266342	0.311696	0.28722	0.233242	0.303065	0.383818	0.404039	0.399127	0.394379	0.416886	0.447756	0.467325	0.520986	0.609037	0.704042	0.860795	1.09651	1.32716	1.48094	1.52072	1.55144	1.4887	1.23786	0.883835	0.497498	0.132748	-0.095546	-0.263785	-0.376797	-0.402079	-0.448987	-0.480437	-0.504878	-0.530116	-0.565318	-0.607758	-0.661379	-0.671264	-0.643668	-0.642523	-0.653633	-0.654333	-0.665146	-0.680724	-0.710089	-0.749402	-0.72515	-0.703083	-0.716214	-0.713888	-0.710701	-0.71378	-0.722075	-0.731467	-0.738205	-0.723064	-0.719384	-0.725462	-0.720526	-0.729089	-0.728348	-0.713572	-0.719745	-0.726603	-0.736419	-0.74965	-0.736415	-0.723596	-0.720922	-0.724501	-0.725314	-0.725266	-0.719156	-0.709872	-0.719076	-0.734085	-0.729641	-0.7136	-0.712651	-0.722375	-0.729289	-0.720333	-0.717699	-0.718668	-0.719325	-0.719361	-0.716326	-0.714504	-0.714052	-0.703787	-0.702758	-0.712383	-0.725242	-0.721138	-0.721606	-0.719144	-0.707442	-0.707214	-0.714096	-0.712527	-0.712807	-0.725045	-0.737696	-0.721174	-0.705521	-0.701858	-0.703515	-0.705453	-0.707695	-0.707959	-0.704768	-0.70659	-0.708207	-0.710669	-0.714657	-0.717919	-0.713319	-0.70705	-0.699231	-0.690392	-0.690268	-0.687734	-0.685632	-0.683526	-0.685828	-0.69745	-0.697826	-0.691429	-0.692037	-0.693947	-0.698423	-0.698483	-0.694115	-0.682477	-0.675992	-0.680119	-0.685031	-0.685572	-0.690884	-0.698319	-0.699071	-0.688835	-0.690648	-0.689239	-0.685168	-0.693286	-0.698971	-0.701433	-0.703964	-0.705309	-0.699367	-0.695364	-0.705761	-0.714444	-0.703467	-0.69528	-0.701974	-0.702258	-0.683986	-0.680568	-0.68875	-0.706778	-0.730206	-0.727419	-0.710353	-0.715397	-0.742216	-0.750019
22	2.54756	2.62171	2.59374	2.41461	2.19872	2.05132	1.92385	1.81133	1.79714	1.88706	2.03667	2.21324	2.38655	2.5522	2.75293	2.94689	3.01961	2.99788	2.9279	2.81012	2.68471	2.59199	2.54509	2.53043	2.5238	2.50396	2.45781	2.32041	2.08913	1.87082	1.70774	1.55658	1.5201	1.6418	1.64883	1.44471	1.22121	1.08419	1.04616	1.1152	1.26818	1.34418	1.19491	0.936038	0.725062	0.60394	0.584968	0.666939	0.742192	0.6071	0.31615	0.106958	0.0184298	-0.0439224	-0.102041	-0.139583	-0.165017	-0.185863	-0.20332	-0.217562	-0.232608	-0.246791	-0.259892	-0.271601	-0.281302	-0.28978	-0.298882	-0.309242	-0.317901	-0.32159	-0.323882	-0.322655	-0.321436	-0.318777	-0.313392	-0.306377	-0.299584	-0.295513	-0.295	-0.294992	-0.291402	-0.284585	-0.276138	-0.266883	-0.254046	-0.226592	-0.184707	-0.136711	-0.110385	-0.135338	-0.188502	-0.22404	-0.228209	-0.216512	-0.187192	-0.145887	-0.145516	-0.193868	-0.233962	-0.252882	-0.261814	-0.263408	-0.251809	-0.232103	-0.220023	-0.218027	-0.210634	-0.184202	-0.130841	-0.0671708	-0.016654	0.00504411	-0.00821152	-0.060626	-0.131705	-0.178742	-0.20003	-0.205924	-0.202649	-0.196088	-0.182367	-0.164922	-0.147371	-0.127803	-0.103489	-0.0727334	-0.0428217	-0.0130402	0.0214595	0.0649542	0.113349	0.16351	0.210638	0.249537	0.275535	0.292744	0.308283	0.321906	0.338211	0.351036	0.354524	0.356106	0.365168	0.388428	0.426123	0.479488	0.550421	0.655187	0.816581	1.03728	1.27705	1.46409	1.5718	1.6024	1.50997	1.26426	0.903045	0.521247	0.200748	-0.0345568	-0.196096	-0.308338	-0.384044	-0.434538	-0.469791	-0.503147	-0.535177	-0.560654	-0.580273	-0.599991	-0.61699	-0.627902	-0.637355	-0.647359	-0.65721	-0.664217	-0.667318	-0.671914	-0.680194	-0.690562	-0.700405	-0.70751	-0.711341	-0.713929	-0.715164	-0.719089	-0.721981	-0.723279	-0.72449	-0.724739	-0.723555	-0.721369	-0.72006	-0.720711	-0.721121	-0.72105	-0.718245	-0.715116	-0.721768	-0.729358	-0.73055	-0.731323	-0.73079	-0.729263	-0.729256	-0.731201	-0.73126	-0.731007	-0.731445	-0.733938	-0.734692	-0.736203	-0.739394	-0.737923	-0.735631	-0.737225	-0.738637	-0.736814	-0.736227	-0.737134	-0.740306	-0.739138	-0.735887	-0.733934	-0.731477	-0.731634	-0.733161	-0.733954	-0.731441	-0.728621	-0.72767	-0.730234	-0.734479	-0.735714	-0.732708	-0.731556	-0.73135	-0.729252	-0.727528	-0.727808	-0.728246	-0.73167	-0.738278	-0.736645	-0.737497	-0.735019	-0.726419	-0.723898	-0.72477	-0.721318	-0.720415	-0.727563	-0.72911	-0.725464	-0.718501	-0.717405	-0.715704	-0.712706	-0.711152	-0.710465	-0.712031	-0.713515	-0.715176	-0.717026	-0.720008	-0.714481	-0.713791	-0.718209	-0.714095	-0.710635	-0.706923	-0.703975	-0.703885	-0.705648	-0.709538	-0.70607	-0.701908	-0.704701	-0.705407	-0.707735	-0.719125	-0.729307	-0.729492	-0.732321	-0.730333	-0.720158	-0.720296	-0.719902	-0.725559	-0.732069	-0.728206	-0.723642	-0.723756	-0.728329	-0.727666	-0.730526	-0.729382	-0.73556	-0.7413	-0.75424	-0.766048
23	2.3707	2.44804	2.45175	2.33427	2.19106	2.09796	1.98287	1.83329	1.77321	1.82327	1.93751	2.08317	2.23745	2.39218	2.58695	2.7712	2.80863	2.7449	2.66613	2.56594	2.4597	2.37995	2.3465	2.33757	2.34562	2.36838	2.37679	2.26922	2.04273	1.83826	1.71247	1.57325	1.5048	1.57969	1.58036	1.41832	1.24505	1.14638	1.13327	1.20319	1.34283	1.41854	1.29115	1.04874	0.844747	0.726709	0.710901	0.805808	0.886645	0.735151	0.397015	0.149264	0.0512491	-0.0190736	-0.0810523	-0.118443	-0.143612	-0.165494	-0.183131	-0.19371	-0.203845	-0.221838	-0.239285	-0.251283	-0.257017	-0.263619	-0.274498	-0.282667	-0.289262	-0.289827	-0.283768	-0.278178	-0.270043	-0.260193	-0.24503	-0.222335	-0.198563	-0.183415	-0.180797	-0.178414	-0.175811	-0.17004	-0.164182	-0.157435	-0.142519	-0.105272	-0.0444358	0.0212273	0.048555	0.00833371	-0.0613934	-0.108646	-0.121957	-0.110744	-0.0723478	-0.0187891	-0.0179961	-0.087613	-0.14165	-0.164868	-0.17328	-0.173808	-0.156524	-0.130229	-0.113302	-0.109962	-0.0995732	-0.0695476	-0.0106423	0.0691551	0.126558	0.145378	0.121029	0.046248	-0.0465948	-0.107253	-0.137097	-0.141354	-0.130635	-0.124882	-0.114717	-0.095255	-0.0774628	-0.0556485	-0.0227543	0.0119651	0.0419033	0.0759358	0.113239	0.153882	0.201096	0.244744	0.293795	0.3321	0.351137	0.364083	0.374943	0.38896	0.405841	0.427849	0.44533	0.45729	0.479795	0.522551	0.581608	0.654466	0.747108	0.877413	1.07012	1.3115	1.55068	1.71588	1.79371	1.77438	1.63101	1.34137	0.954885	0.576801	0.263462	0.0136535	-0.162766	-0.290818	-0.371848	-0.421332	-0.457452	-0.498356	-0.536945	-0.5617	-0.580263	-0.602468	-0.627231	-0.648222	-0.659142	-0.670211	-0.6879	-0.702775	-0.715995	-0.724035	-0.73173	-0.753681	-0.771697	-0.775632	-0.77194	-0.772855	-0.774297	-0.7732	-0.772134	-0.769512	-0.759855	-0.760272	-0.762928	-0.756303	-0.753575	-0.756129	-0.755893	-0.753981	-0.751131	-0.747614	-0.753495	-0.761578	-0.76785	-0.771193	-0.766351	-0.757825	-0.756387	-0.767053	-0.772138	-0.765182	-0.755408	-0.755332	-0.759441	-0.766548	-0.768142	-0.7653	-0.765311	-0.769144	-0.773033	-0.773917	-0.776641	-0.784602	-0.7887	-0.783566	-0.77512	-0.773435	-0.779233	-0.780432	-0.773113	-0.771474	-0.781309	-0.786697	-0.788674	-0.786534	-0.779848	-0.775219	-0.785126	-0.801438	-0.793295	-0.780273	-0.789061	-0.797989	-0.793952	-0.790529	-0.797621	-0.810154	-0.819925	-0.813672	-0.793754	-0.79852	-0.813857	-0.811482	-0.811691	-0.812514	-0.810029	-0.814829	-0.812939	-0.80905	-0.806212	-0.806303	-0.80096	-0.800448	-0.803468	-0.79885	-0.794183	-0.792472	-0.802781	-0.80428	-0.796373	-0.799268	-0.810006	-0.805373	-0.792639	-0.773287	-0.761205	-0.784378	-0.797329	-0.777108	-0.767508	-0.759604	-0.751393	-0.76725	-0.771705	-0.784576	-0.798334	-0.795246	-0.798972	-0.806682	-0.810685	-0.818373	-0.817929	-0.807475	-0.801389	-0.813812	-0.834936	-0.871036	-0.889648	-0.859406	-0.817087	-0.827309	-0.843712	-0.828174	-0.837133
24	2.19858	2.30331	2.34499	2.29076	2.2186	2.16533	2.02556	1.81176	1.68762	1.68441	1.75347	1.86986	2.00988	2.17961	2.41477	2.60573	2.59151	2.47749	2.37938	2.2792	2.18694	2.12597	2.1051	2.11683	2.16064	2.22809	2.28545	2.20028	1.95982	1.75822	1.65113	1.49315	1.37829	1.43361	1.44478	1.31215	1.17103	1.10534	1.12884	1.23906	1.39516	1.46239	1.33472	1.11262	0.931172	0.84289	0.878581	1.0288	1.11851	0.892999	0.462812	0.159139	0.0400307	-0.0438484	-0.124275	-0.169292	-0.196359	-0.218257	-0.23494	-0.249291	-0.266372	-0.284537	-0.299804	-0.311673	-0.320816	-0.327517	-0.334769	-0.341921	-0.345223	-0.346866	-0.345457	-0.339426	-0.331217	-0.323496	-0.315387	-0.301955	-0.288143	-0.277364	-0.267917	-0.258721	-0.247745	-0.23303	-0.212818	-0.188076	-0.154118	-0.099236	-0.0210003	0.0641768	0.101356	0.0479656	-0.0495454	-0.116728	-0.132284	-0.110135	-0.0556305	0.0108599	-0.00101571	-0.0974329	-0.168998	-0.193372	-0.195265	-0.181914	-0.146582	-0.0958004	-0.0623911	-0.0521481	-0.0358732	0.0129876	0.103962	0.203032	0.267599	0.277354	0.233099	0.13241	0.00370782	-0.087735	-0.131926	-0.144805	-0.141189	-0.131993	-0.1182	-0.0992326	-0.0817871	-0.0590995	-0.0296243	0.00540724	0.0457009	0.0872959	0.132577	0.187727	0.248226	0.313599	0.376658	0.424629	0.447704	0.459992	0.479929	0.509224	0.544871	0.578538	0.608792	0.649839	0.705019	0.780856	0.878828	0.993444	1.12257	1.28272	1.49589	1.74844	1.98697	2.13662	2.17907	2.12327	1.93563	1.59914	1.16899	0.739712	0.37718	0.0942908	-0.107355	-0.249733	-0.348739	-0.414841	-0.461715	-0.503866	-0.54167	-0.57334	-0.602885	-0.630808	-0.652131	-0.670175	-0.683379	-0.694121	-0.703347	-0.711814	-0.721124	-0.730975	-0.738746	-0.75104	-0.764154	-0.771269	-0.774337	-0.779408	-0.782767	-0.784436	-0.786617	-0.790374	-0.792143	-0.793097	-0.792689	-0.792873	-0.792608	-0.791046	-0.790069	-0.787969	-0.78455	-0.784526	-0.791153	-0.79671	-0.797817	-0.79949	-0.799721	-0.797419	-0.794933	-0.797258	-0.798894	-0.801105	-0.803705	-0.80345	-0.800844	-0.801681	-0.803357	-0.80435	-0.80702	-0.809395	-0.807736	-0.808107	-0.809261	-0.809679	-0.811205	-0.808696	-0.806224	-0.807271	-0.808301	-0.807451	-0.805458	-0.804283	-0.802822	-0.802347	-0.805541	-0.809301	-0.811272	-0.813898	-0.812837	-0.81259	-0.812693	-0.810512	-0.811512	-0.811128	-0.811472	-0.81368	-0.815249	-0.814808	-0.818337	-0.823308	-0.818661	-0.816674	-0.820009	-0.815206	-0.813513	-0.821341	-0.818494	-0.814189	-0.810021	-0.806732	-0.806632	-0.802731	-0.805966	-0.80604	-0.801978	-0.798814	-0.803072	-0.806337	-0.811653	-0.810245	-0.806595	-0.807247	-0.797118	-0.793876	-0.797158	-0.799189	-0.796763	-0.791765	-0.785613	-0.778117	-0.773641	-0.775454	-0.777983	-0.789303	-0.80153	-0.808462	-0.818106	-0.827587	-0.827463	-0.819133	-0.819284	-0.826235	-0.824904	-0.822923	-0.822418	-0.821665	-0.820501	-0.831099	-0.834267	-0.832206	-0.840191	-0.842102	-0.840034	-0.8538	-0.848588
25	2.2924	2.38188	2.39829	2.30652	2.19799	2.12383	1.99476	1.82001	1.73509	1.76281	1.85636	1.98777	2.13351	2.29446	2.50787	2.68986	2.69939	2.61879	2.53311	2.43127	2.33514	2.26912	2.24265	2.24551	2.27033	2.3058	2.32754	2.22754	1.99706	1.79794	1.67703	1.52656	1.4412	1.51567	1.52466	1.3736	1.21051	1.12634	1.12939	1.21624	1.35716	1.41435	1.27472	1.04018	0.847918	0.749642	0.766344	0.893822	0.986925	0.794617	0.40569	0.132129	0.0215585	-0.0573229	-0.131334	-0.173826	-0.19899	-0.220657	-0.239016	-0.25435	-0.270525	-0.286779	-0.300665	-0.311139	-0.31919	-0.326368	-0.334329	-0.341618	-0.347467	-0.350309	-0.351901	-0.346698	-0.339098	-0.333184	-0.325534	-0.313453	-0.30182	-0.292447	-0.286573	-0.281367	-0.273276	-0.260538	-0.245132	-0.225224	-0.197113	-0.149455	-0.0805744	-0.00407945	0.0321335	-0.00803645	-0.0833761	-0.1325	-0.139865	-0.116228	-0.066284	-0.00856358	-0.0151563	-0.0937453	-0.155076	-0.178728	-0.188015	-0.187282	-0.165951	-0.13168	-0.109422	-0.106454	-0.0971212	-0.0543624	0.0247069	0.112466	0.174025	0.189951	0.157926	0.073246	-0.0357974	-0.109379	-0.143945	-0.155867	-0.152755	-0.144046	-0.128933	-0.109931	-0.0900663	-0.0680967	-0.0387147	-0.00352337	0.0305377	0.067249	0.108564	0.1592	0.215253	0.274475	0.329336	0.371095	0.393256	0.406644	0.424877	0.448994	0.475994	0.501278	0.52137	0.549806	0.594171	0.656553	0.735073	0.831985	0.949979	1.10466	1.31554	1.57451	1.83289	2.01114	2.07962	2.04546	1.87702	1.55822	1.13812	0.712804	0.350963	0.0719823	-0.125582	-0.263545	-0.357031	-0.421929	-0.468663	-0.511065	-0.551079	-0.582111	-0.604915	-0.628755	-0.6504	-0.667579	-0.682002	-0.695675	-0.70408	-0.710496	-0.717583	-0.724331	-0.732386	-0.743431	-0.75449	-0.760902	-0.765574	-0.771708	-0.774105	-0.775109	-0.777221	-0.780933	-0.783586	-0.783861	-0.780568	-0.777033	-0.776943	-0.779138	-0.777698	-0.775333	-0.773293	-0.773015	-0.77925	-0.784041	-0.783864	-0.785883	-0.786034	-0.786897	-0.786417	-0.787482	-0.788659	-0.787829	-0.786388	-0.78702	-0.788063	-0.786828	-0.787345	-0.788558	-0.788969	-0.791454	-0.79237	-0.793335	-0.792186	-0.791905	-0.794746	-0.792728	-0.790045	-0.788695	-0.787002	-0.787775	-0.787316	-0.786587	-0.782926	-0.779673	-0.780683	-0.783445	-0.786106	-0.787793	-0.78568	-0.78529	-0.787746	-0.786865	-0.786211	-0.78463	-0.785395	-0.792522	-0.796086	-0.794959	-0.797281	-0.797631	-0.792562	-0.791742	-0.792934	-0.789164	-0.787388	-0.791945	-0.788673	-0.782048	-0.77816	-0.777308	-0.780098	-0.778842	-0.778737	-0.779102	-0.777282	-0.774405	-0.778586	-0.779218	-0.780413	-0.778712	-0.776297	-0.77356	-0.766693	-0.766881	-0.767357	-0.766429	-0.7644	-0.761386	-0.760692	-0.756901	-0.751709	-0.750439	-0.757407	-0.766039	-0.771043	-0.786168	-0.795501	-0.794309	-0.790042	-0.784706	-0.7858	-0.786189	-0.790341	-0.792869	-0.794497	-0.792797	-0.792049	-0.806141	-0.808589	-0.80192	-0.804437	-0.816052	-0.811647	-0.818478	-0.826796
26	2.32192	2.41952	2.44259	2.35389	2.24643	2.1696	2.026	1.82986	1.73074	1.75182	1.84607	1.98238	2.13259	2.30333	2.53815	2.73666	2.74195	2.64711	2.55039	2.44237	2.3409	2.27104	2.24421	2.24794	2.2737	2.31466	2.346	2.24706	1.99949	1.78534	1.65863	1.49119	1.38853	1.46177	1.46919	1.30896	1.13555	1.04343	1.04686	1.151	1.31891	1.39592	1.26053	1.0282	0.843524	0.755528	0.790798	0.941599	1.03757	0.825181	0.417495	0.134017	0.0212375	-0.0594795	-0.135883	-0.17955	-0.206037	-0.227244	-0.245058	-0.257924	-0.274326	-0.292818	-0.307837	-0.321334	-0.331536	-0.338517	-0.348788	-0.358246	-0.365478	-0.371182	-0.373915	-0.371802	-0.367682	-0.363096	-0.360527	-0.356779	-0.351737	-0.347967	-0.344567	-0.340049	-0.330752	-0.317495	-0.297883	-0.273742	-0.244204	-0.194174	-0.122054	-0.0447708	-0.0132298	-0.0651022	-0.156288	-0.218538	-0.233312	-0.215159	-0.166027	-0.104955	-0.115388	-0.201151	-0.265112	-0.287129	-0.288786	-0.274993	-0.241154	-0.193944	-0.160499	-0.148753	-0.132161	-0.0844341	0.00336164	0.103874	0.173899	0.190487	0.153061	0.059974	-0.0586693	-0.140663	-0.180743	-0.191967	-0.187858	-0.177732	-0.162735	-0.144002	-0.125878	-0.102598	-0.0755418	-0.0418408	-0.00407479	0.0359461	0.0798458	0.132558	0.19179	0.255062	0.315571	0.362291	0.385527	0.400221	0.422392	0.448273	0.476881	0.508148	0.536091	0.569716	0.620278	0.6918	0.784616	0.897929	1.03563	1.21058	1.43911	1.70354	1.94006	2.07423	2.0994	2.02413	1.82447	1.50251	1.10451	0.70579	0.361682	0.0864138	-0.110568	-0.250145	-0.345585	-0.409601	-0.457525	-0.500129	-0.53907	-0.570535	-0.597255	-0.622838	-0.64537	-0.662997	-0.67571	-0.688638	-0.696195	-0.702755	-0.712042	-0.721529	-0.728272	-0.738047	-0.74775	-0.753369	-0.757211	-0.76252	-0.765487	-0.766669	-0.767647	-0.77042	-0.772402	-0.771617	-0.769756	-0.769107	-0.768884	-0.768516	-0.766804	-0.763849	-0.76167	-0.76228	-0.766173	-0.771281	-0.774157	-0.775292	-0.772997	-0.772967	-0.773982	-0.774492	-0.774529	-0.77373	-0.772311	-0.773365	-0.773934	-0.773872	-0.776251	-0.778134	-0.776496	-0.775405	-0.7767	-0.778375	-0.777627	-0.779335	-0.780488	-0.776258	-0.7752	-0.775233	-0.770716	-0.769359	-0.771241	-0.767173	-0.763754	-0.76648	-0.766969	-0.769256	-0.771106	-0.770117	-0.767337	-0.768319	-0.768556	-0.765272	-0.766363	-0.76749	-0.768833	-0.768705	-0.770172	-0.769764	-0.773106	-0.773821	-0.767822	-0.76772	-0.77165	-0.767673	-0.766283	-0.773161	-0.773241	-0.761787	-0.753909	-0.754548	-0.753099	-0.74787	-0.747327	-0.748834	-0.748443	-0.751621	-0.756088	-0.756522	-0.758937	-0.75932	-0.757883	-0.754449	-0.747002	-0.747571	-0.749439	-0.743524	-0.737566	-0.734406	-0.733366	-0.728009	-0.719194	-0.719774	-0.726929	-0.739471	-0.749421	-0.759065	-0.759857	-0.761269	-0.761232	-0.75303	-0.757135	-0.763294	-0.771263	-0.773679	-0.768286	-0.767457	-0.77419	-0.78738	-0.788687	-0.783804	-0.780922	-0.7861	-0.786932	-0.787315	-0.788125
27	2.35877	2.43863	2.44199	2.33216	2.20095	2.11488	1.99313	1.83043	1.75545	1.79443	1.89993	2.04332	2.19787	2.36031	2.57112	2.75992	2.78853	2.71891	2.63367	2.52823	2.41978	2.33906	2.30142	2.29646	2.31155	2.33031	2.33236	2.22493	1.99638	1.7924	1.66376	1.51465	1.43482	1.51393	1.52339	1.36058	1.18077	1.07921	1.07066	1.15756	1.30901	1.38197	1.25338	1.02118	0.827357	0.725169	0.735913	0.858744	0.955249	0.781672	0.411472	0.142497	0.0320607	-0.0426459	-0.111984	-0.15447	-0.183014	-0.204265	-0.221213	-0.236015	-0.250879	-0.268968	-0.285794	-0.298489	-0.307256	-0.314164	-0.32336	-0.33015	-0.335637	-0.341549	-0.34323	-0.338721	-0.333501	-0.32827	-0.318703	-0.308104	-0.295857	-0.285713	-0.281322	-0.280571	-0.27695	-0.270323	-0.261153	-0.247662	-0.225682	-0.186635	-0.126286	-0.0551999	-0.0227058	-0.0641517	-0.142064	-0.195939	-0.209563	-0.193973	-0.152234	-0.0980083	-0.101174	-0.172678	-0.229058	-0.252256	-0.259042	-0.253774	-0.232775	-0.198049	-0.173048	-0.165566	-0.155514	-0.118008	-0.0427642	0.0453626	0.110529	0.133049	0.108844	0.0345375	-0.0646776	-0.135693	-0.171334	-0.183196	-0.180623	-0.172145	-0.159672	-0.142453	-0.124383	-0.100929	-0.0723817	-0.0398544	-0.0051538	0.0314572	0.0700488	0.118351	0.172559	0.228743	0.285042	0.329776	0.350886	0.366116	0.386619	0.405189	0.426854	0.449264	0.468537	0.494727	0.532463	0.588133	0.665679	0.763743	0.884041	1.04386	1.26234	1.53113	1.8017	1.98931	2.06548	2.0369	1.87047	1.55026	1.12932	0.706196	0.349457	0.0730735	-0.121702	-0.258206	-0.351782	-0.415123	-0.461534	-0.502487	-0.538124	-0.567705	-0.593957	-0.618503	-0.639997	-0.657831	-0.672762	-0.684924	-0.69278	-0.698644	-0.706818	-0.713549	-0.717729	-0.728672	-0.739601	-0.746909	-0.752677	-0.756679	-0.758827	-0.759475	-0.760207	-0.762107	-0.764583	-0.765605	-0.765017	-0.762514	-0.762133	-0.761659	-0.759363	-0.755832	-0.753392	-0.754947	-0.758867	-0.76328	-0.76472	-0.766279	-0.765631	-0.767327	-0.769422	-0.770948	-0.76953	-0.767568	-0.767175	-0.769815	-0.772917	-0.771999	-0.770685	-0.77091	-0.771484	-0.773632	-0.773099	-0.772795	-0.772647	-0.773517	-0.776427	-0.772417	-0.769019	-0.770033	-0.7703	-0.768845	-0.766472	-0.767434	-0.763973	-0.762699	-0.765679	-0.769233	-0.767097	-0.765272	-0.765072	-0.765661	-0.766435	-0.767153	-0.766375	-0.765776	-0.765087	-0.767989	-0.772965	-0.769874	-0.769741	-0.771262	-0.766571	-0.768149	-0.770166	-0.76605	-0.765309	-0.767693	-0.765931	-0.764317	-0.762048	-0.762503	-0.761707	-0.755565	-0.756031	-0.756546	-0.754295	-0.755798	-0.759097	-0.758286	-0.761577	-0.760541	-0.759582	-0.7617	-0.755735	-0.75183	-0.752174	-0.752629	-0.750001	-0.745014	-0.741326	-0.734981	-0.733359	-0.736232	-0.741911	-0.750193	-0.757764	-0.765653	-0.771762	-0.779359	-0.779499	-0.771307	-0.766853	-0.765598	-0.76823	-0.771136	-0.774564	-0.780192	-0.781817	-0.790332	-0.793235	-0.785038	-0.779744	-0.779955	-0.782643	-0.803616	-0.813512
