	161	162	163	164	165	166	167	168	169	170	171	172	173	174	175	176	177	178	179	180	181	182	183	184	185	186	187	188	189	190	191	192	193	194	195	196	197	198	199	200	201	202	203	204	205	206	207	208	209	210	211	212	213	214	215	216	217	218	219	220	221	222	223	224	225	226	227	228	229	230	231	232	233	234	235	236	237	238	239	240	241	242	243	244	245	246	247	248	249	250	251	252	253	254	255	256	257	258	259	260	261	262	263	264	265	266	267	268	269	270	271	272	273	274	275	276	277	278	279	280	281	282	283	284	285	286	287	288	289	290	291	292	293	294	295	296	297	298	299	300	301	302	303	304	305	306	307	308	309	310	311	312	313	314	315	316	317	318	319	320	321	322	323	324	325	326	327	328	329	330	331	332	333	334	335	336	337	338	339	340	341	342	343	344	345	346	347	348	349	350	351	352	353	354	355	356	357	358	359	360	361	362	363	364	365	366	367	368	369	370	371	372	373	374	375	376	377	378	379	380	381	382	383	384	385
1	-1.38826	-1.38426	-1.37365	-1.35743	-1.3435	-1.32985	-1.31152	-1.29201	-1.27348	-1.25469	-1.23249	-1.20355	-1.17074	-1.13941	-1.1091	-1.074	-1.03167	-0.984206	-0.934291	-0.886007	-0.841359	-0.793884	-0.738192	-0.680596	-0.625839	-0.570581	-0.510032	-0.444066	-0.380614	-0.324471	-0.27278	-0.220588	-0.164237	-0.106561	-0.054403	-0.00848908	0.0423392	0.104332	0.167474	0.225037	0.277849	0.327077	0.373943	0.4143	0.44338	0.461443	0.466205	0.454725	0.431433	0.402843	0.371644	0.337987	0.301057	0.262779	0.225719	0.189239	0.153492	0.120095	0.0895494	0.0620641	0.0382928	0.0175252	-0.00258849	-0.0236378	-0.0447885	-0.0626029	-0.0755932	-0.0870788	-0.0998774	-0.112794	-0.123587	-0.131798	-0.13833	-0.144602	-0.151562	-0.159396	-0.167658	-0.174826	-0.180445	-0.185055	-0.189598	-0.19534	-0.200891	-0.205107	-0.209948	-0.216694	-0.224877	-0.232784	-0.238865	-0.244281	-0.250395	-0.255811	-0.258871	-0.259773	-0.259863	-0.260979	-0.262822	-0.26165	-0.25593	-0.248643	-0.241282	-0.233652	-0.226292	-0.217359	-0.204667	-0.188972	-0.171451	-0.152926	-0.133832	-0.113409	-0.0914351	-0.0693207	-0.047319	-0.0233785	0.00361069	0.0322739	0.0611624	0.0904511	0.120517	0.151085	0.182888	0.217361	0.25326	0.288388	0.323791	0.361798	0.402956	0.445894	0.488674	0.530812	0.572578	0.612885	0.650543	0.68594	0.719185	0.748637	0.773401	0.796524	0.822656	0.851455	0.879289	0.90602	0.932958	0.958409	0.980552	0.999651	1.01455	1.02358	1.02852	1.03122	1.03031	1.02395	1.01159	0.995993	0.983758	0.977982	0.976105	0.975677	0.974826	0.971709	0.966237	0.959485	0.952852	0.947881	0.944483	0.939591	0.930456	0.918311	0.907056	0.899026	0.892178	0.883218	0.872826	0.862534	0.850046	0.833669	0.815663	0.797549	0.778084	0.757198	0.736769	0.717061	0.697026	0.677419	0.659768	0.64285	0.624427	0.605621	0.588725	0.574281	0.561273	0.54679	0.528586	0.507593	0.485518	0.462795	0.440038	0.418256	0.396835	0.374856	0.352899	0.330819	0.307645	0.283975	0.260998	0.238427	0.21598	0.195066	0.175837	0.156067	0.134826	0.113698	0.0939678	0.0747839	0.0553238	0.0362245	0.0182692	0.00306409	-0.00835948	-0.0171286	-0.0238294	-0.0283154	-0.0316913	-0.035253	-0.0371635
2	-1.38963	-1.38516	-1.37371	-1.35724	-1.34409	-1.33136	-1.31213	-1.29036	-1.27064	-1.25248	-1.2314	-1.20345	-1.17155	-1.14076	-1.11045	-1.07474	-1.03151	-0.982894	-0.932339	-0.885548	-0.843109	-0.795186	-0.736548	-0.677645	-0.625388	-0.573333	-0.512993	-0.445174	-0.381345	-0.326867	-0.275782	-0.22163	-0.163314	-0.104411	-0.0504907	-0.00437632	0.0438855	0.103414	0.165732	0.223226	0.276813	0.32738	0.375315	0.41807	0.449249	0.465408	0.46773	0.457224	0.435706	0.406877	0.374086	0.339627	0.303444	0.265135	0.226652	0.190424	0.156833	0.124295	0.0930151	0.064846	0.0397824	0.0169732	-0.00370557	-0.0224456	-0.0400695	-0.0575639	-0.0738523	-0.0870181	-0.0976928	-0.107753	-0.117453	-0.12624	-0.135122	-0.14445	-0.152537	-0.159453	-0.166166	-0.172134	-0.177872	-0.183615	-0.188197	-0.192571	-0.197801	-0.203651	-0.211147	-0.219162	-0.225384	-0.231657	-0.239198	-0.245927	-0.251558	-0.257216	-0.261224	-0.261196	-0.260057	-0.262396	-0.265129	-0.262728	-0.257295	-0.251761	-0.244225	-0.235027	-0.226207	-0.216259	-0.20355	-0.18867	-0.172213	-0.154426	-0.135556	-0.115272	-0.0927106	-0.0689094	-0.0462242	-0.0229529	0.00386924	0.032292	0.0600272	0.0885289	0.119099	0.151123	0.183519	0.215673	0.248537	0.283554	0.3206	0.359213	0.398981	0.439375	0.481414	0.525838	0.570735	0.613642	0.652864	0.686945	0.716512	0.743937	0.770021	0.795756	0.824054	0.854483	0.883081	0.908702	0.933484	0.95839	0.980692	0.997617	1.01165	1.02563	1.03595	1.03711	1.03019	1.02101	1.01113	0.999584	0.989141	0.982039	0.977468	0.975	0.97301	0.968637	0.96295	0.9587	0.955211	0.950511	0.943128	0.933163	0.923655	0.91577	0.907429	0.899347	0.892803	0.885228	0.87572	0.865665	0.85379	0.837998	0.81817	0.796505	0.77546	0.755243	0.735083	0.715188	0.696256	0.677758	0.659075	0.641113	0.623669	0.606282	0.590478	0.575796	0.560348	0.544336	0.526824	0.506478	0.484644	0.462635	0.441049	0.42046	0.400215	0.378866	0.355651	0.331472	0.307383	0.283126	0.259522	0.23837	0.218908	0.199469	0.17945	0.158478	0.137377	0.116788	0.0958952	0.0743373	0.0535626	0.0352397	0.0191544	0.00474296	-0.00755493	-0.0170575	-0.0233529	-0.027439	-0.0309673	-0.0338812	-0.0349182
3	-1.39115	-1.38701	-1.37479	-1.35759	-1.34343	-1.32887	-1.30965	-1.29065	-1.27294	-1.25441	-1.23212	-1.20281	-1.16997	-1.13946	-1.11048	-1.07642	-1.03383	-0.984461	-0.93299	-0.885247	-0.841311	-0.79304	-0.73603	-0.677751	-0.624377	-0.572035	-0.512104	-0.444138	-0.380136	-0.325145	-0.273186	-0.21974	-0.162803	-0.103633	-0.0489623	-0.00293564	0.0448333	0.104505	0.167667	0.225162	0.277543	0.327455	0.37634	0.419339	0.449234	0.465135	0.46801	0.457122	0.434591	0.405615	0.374423	0.340637	0.302307	0.262393	0.224733	0.189707	0.156429	0.12332	0.0911869	0.0637954	0.041501	0.0204976	-0.000443436	-0.0203754	-0.0403016	-0.0591566	-0.0734275	-0.0845748	-0.0972387	-0.110658	-0.121433	-0.129615	-0.136866	-0.143767	-0.149992	-0.156284	-0.163366	-0.170104	-0.176076	-0.181364	-0.185593	-0.189862	-0.195799	-0.203636	-0.212398	-0.21961	-0.223844	-0.228479	-0.236249	-0.244695	-0.251648	-0.257438	-0.26165	-0.263257	-0.263375	-0.264086	-0.264024	-0.260246	-0.253886	-0.247588	-0.241092	-0.234118	-0.226404	-0.216667	-0.205294	-0.191739	-0.17422	-0.154215	-0.133438	-0.111391	-0.0886796	-0.0668305	-0.0450718	-0.0209618	0.00575878	0.0336691	0.0623237	0.0913392	0.120665	0.151011	0.1828	0.21671	0.252469	0.288386	0.324292	0.361663	0.401476	0.442942	0.484745	0.527214	0.570433	0.612129	0.650104	0.68465	0.717314	0.746831	0.771511	0.79535	0.822911	0.853189	0.882836	0.910155	0.935133	0.958267	0.97997	0.999152	1.01421	1.02473	1.03105	1.03344	1.03067	1.02235	1.00949	0.994652	0.984092	0.9794	0.975888	0.972634	0.971134	0.969702	0.965812	0.959778	0.954292	0.950176	0.944572	0.935556	0.925226	0.915584	0.906112	0.896853	0.889134	0.882052	0.873747	0.864427	0.85293	0.836928	0.817233	0.796692	0.776614	0.756546	0.7368	0.717782	0.69807	0.67736	0.657682	0.639639	0.622064	0.605244	0.590218	0.575913	0.560689	0.544439	0.526627	0.506397	0.484379	0.462062	0.441053	0.421329	0.401516	0.380496	0.356764	0.33099	0.305318	0.279832	0.255931	0.235187	0.215774	0.196643	0.178002	0.158899	0.139001	0.117834	0.0951113	0.0726421	0.0523098	0.0347178	0.0189133	0.00457476	-0.00670213	-0.0156617	-0.0237809	-0.0295604	-0.0326841	-0.0345561	-0.0344489
4	-1.38967	-1.38537	-1.37506	-1.35896	-1.34361	-1.32868	-1.30994	-1.29019	-1.27162	-1.2538	-1.23332	-1.20541	-1.1728	-1.14176	-1.11166	-1.07684	-1.0355	-0.98804	-0.936262	-0.887144	-0.8435	-0.796178	-0.739479	-0.681736	-0.627707	-0.572868	-0.511992	-0.445147	-0.381596	-0.326952	-0.276748	-0.223841	-0.164892	-0.105178	-0.0523212	-0.00706481	0.0416816	0.102418	0.165935	0.224471	0.27859	0.327682	0.373374	0.41523	0.446815	0.463758	0.466757	0.457532	0.43664	0.406557	0.372643	0.337221	0.298939	0.259323	0.221696	0.186921	0.153716	0.120511	0.0881328	0.0585745	0.033143	0.0116987	-0.00823767	-0.0279506	-0.0466305	-0.0636742	-0.0785735	-0.0910546	-0.102106	-0.114102	-0.126661	-0.136439	-0.143783	-0.150853	-0.157521	-0.164417	-0.171694	-0.177228	-0.180713	-0.184354	-0.189251	-0.194679	-0.200554	-0.207758	-0.215816	-0.222763	-0.229063	-0.237043	-0.245598	-0.25211	-0.256499	-0.259693	-0.261944	-0.263005	-0.263658	-0.26449	-0.263926	-0.261134	-0.257392	-0.253165	-0.246949	-0.238137	-0.22842	-0.218402	-0.206301	-0.191329	-0.174804	-0.15742	-0.138796	-0.118351	-0.0950644	-0.0699009	-0.0455415	-0.0217017	0.00411514	0.0327018	0.0625506	0.0916845	0.119964	0.148813	0.18036	0.215681	0.25227	0.28786	0.323645	0.360899	0.399777	0.440767	0.484298	0.528783	0.571409	0.6115	0.649441	0.685013	0.718134	0.747481	0.772784	0.797958	0.825746	0.855238	0.884305	0.911043	0.936486	0.96199	0.984869	1.00269	1.01669	1.02779	1.03386	1.03324	1.02804	1.02052	1.00957	0.996669	0.987505	0.982691	0.979201	0.976425	0.973058	0.968054	0.962995	0.959203	0.955556	0.949648	0.940948	0.931024	0.921447	0.91302	0.905001	0.896585	0.888577	0.880954	0.871902	0.860856	0.848056	0.833045	0.816164	0.797444	0.776799	0.755958	0.73529	0.71379	0.692809	0.673297	0.653841	0.634575	0.617263	0.602336	0.589218	0.576463	0.561787	0.544638	0.525846	0.504971	0.481684	0.458325	0.43707	0.416252	0.394282	0.37257	0.350824	0.327258	0.303038	0.279534	0.256693	0.234942	0.214006	0.193662	0.173898	0.153175	0.131099	0.109264	0.0881608	0.0674425	0.0476681	0.0288988	0.0114474	-0.00225114	-0.0121467	-0.0205736	-0.0274369	-0.0321726	-0.0357019	-0.039287	-0.0420067
5	-1.3924	-1.38667	-1.37375	-1.35709	-1.34309	-1.32881	-1.31016	-1.29064	-1.2719	-1.25297	-1.23094	-1.20273	-1.17073	-1.13963	-1.11007	-1.07714	-1.03681	-0.988702	-0.936044	-0.886413	-0.84283	-0.796918	-0.74213	-0.684685	-0.629445	-0.573614	-0.512607	-0.445822	-0.382152	-0.327353	-0.276563	-0.223321	-0.165195	-0.105634	-0.0512651	-0.00428739	0.0453923	0.10593	0.168606	0.225867	0.278349	0.327175	0.373823	0.41567	0.446045	0.462296	0.465897	0.456423	0.434238	0.404176	0.370803	0.336101	0.299825	0.261573	0.222825	0.18546	0.150669	0.118285	0.0882222	0.061593	0.0389164	0.0181715	-0.00325457	-0.0244629	-0.0440858	-0.0622349	-0.07704	-0.0883504	-0.100141	-0.113455	-0.125207	-0.134011	-0.141313	-0.148056	-0.153795	-0.159853	-0.1673	-0.173954	-0.179085	-0.18378	-0.188893	-0.19562	-0.202928	-0.208974	-0.214372	-0.219603	-0.224801	-0.231952	-0.241242	-0.249269	-0.254495	-0.258319	-0.260998	-0.262137	-0.262963	-0.263907	-0.263533	-0.26111	-0.257219	-0.2522	-0.245417	-0.237216	-0.2292	-0.220552	-0.208695	-0.193024	-0.174942	-0.156168	-0.137589	-0.117983	-0.0956023	-0.0711839	-0.0468828	-0.0228106	0.00303699	0.0313129	0.0607556	0.0904607	0.119898	0.149525	0.180927	0.214596	0.249956	0.286388	0.323233	0.361206	0.401898	0.444047	0.485565	0.527395	0.570035	0.612011	0.65134	0.68602	0.71659	0.74481	0.7714	0.797303	0.823704	0.851745	0.880462	0.907359	0.932738	0.957871	0.981586	1.0011	1.01571	1.02688	1.03436	1.03676	1.03354	1.02436	1.00976	0.994319	0.984662	0.981027	0.978208	0.973971	0.970175	0.967277	0.963224	0.958261	0.95379	0.948894	0.942234	0.93353	0.924073	0.916001	0.909095	0.900146	0.888535	0.879011	0.872697	0.863658	0.849696	0.834199	0.817445	0.797449	0.775448	0.75415	0.733712	0.713106	0.693299	0.675357	0.657889	0.639857	0.622389	0.605809	0.589234	0.573106	0.557698	0.541687	0.523979	0.504015	0.481891	0.45941	0.438291	0.417708	0.396209	0.373974	0.35089	0.326957	0.303443	0.280376	0.257811	0.236709	0.216148	0.195325	0.17439	0.15322	0.132861	0.113578	0.0935926	0.0720269	0.0501598	0.0297554	0.0112713	-0.00382404	-0.013348	-0.0197624	-0.0266458	-0.0326917	-0.0367113	-0.0402562	-0.0420091
6	-1.39073	-1.38585	-1.37375	-1.35852	-1.34571	-1.33097	-1.31125	-1.29171	-1.27365	-1.25537	-1.23371	-1.20531	-1.17324	-1.14227	-1.11179	-1.07677	-1.03472	-0.986734	-0.93609	-0.888749	-0.846246	-0.79988	-0.743057	-0.683221	-0.627543	-0.572741	-0.512581	-0.446827	-0.383914	-0.329152	-0.278565	-0.225695	-0.16765	-0.107294	-0.0525264	-0.00718691	0.0414294	0.103281	0.167054	0.224155	0.276768	0.326401	0.374436	0.417839	0.448357	0.46344	0.465176	0.454085	0.432548	0.404045	0.371182	0.336739	0.300739	0.262472	0.224016	0.188121	0.155197	0.123082	0.0907492	0.0604149	0.0345576	0.0127476	-0.00706962	-0.0265742	-0.0463468	-0.0640594	-0.077429	-0.0890402	-0.102058	-0.115104	-0.125956	-0.134374	-0.140956	-0.147325	-0.154448	-0.161861	-0.169135	-0.174991	-0.178463	-0.181528	-0.186781	-0.193904	-0.201155	-0.20777	-0.214274	-0.221123	-0.227855	-0.234437	-0.240756	-0.24645	-0.252155	-0.258033	-0.262471	-0.264057	-0.264068	-0.264107	-0.263387	-0.26083	-0.256643	-0.251134	-0.243519	-0.233946	-0.224216	-0.214849	-0.204672	-0.192123	-0.176063	-0.156955	-0.136339	-0.114691	-0.0915243	-0.0681902	-0.0462016	-0.0231746	0.00303433	0.0308789	0.059812	0.0900346	0.120079	0.150067	0.181992	0.216703	0.252697	0.288301	0.324022	0.361608	0.402147	0.444014	0.484916	0.525666	0.567863	0.610266	0.649744	0.685237	0.718133	0.748294	0.775134	0.800494	0.826915	0.855162	0.883073	0.908417	0.93294	0.957943	0.980334	0.998499	1.01459	1.02792	1.03425	1.03296	1.02778	1.02047	1.01013	0.998454	0.988819	0.981785	0.9778	0.977052	0.975902	0.971134	0.964435	0.958948	0.954622	0.950134	0.944886	0.93692	0.925616	0.914887	0.907759	0.901886	0.893976	0.884625	0.8758	0.866438	0.853158	0.835602	0.817409	0.799294	0.778835	0.756763	0.734757	0.712612	0.691282	0.671878	0.653094	0.634332	0.617155	0.601876	0.587931	0.57488	0.560589	0.543563	0.524433	0.503281	0.480215	0.457473	0.437159	0.417805	0.396832	0.374252	0.350639	0.326105	0.301967	0.27861	0.255405	0.233221	0.213085	0.194418	0.174908	0.153489	0.131963	0.111024	0.0895322	0.0676495	0.0473858	0.0298294	0.0136519	-0.00117473	-0.0125738	-0.0211593	-0.0294491	-0.0362428	-0.0394526	-0.0412222	-0.0421545
7	-1.38866	-1.38461	-1.37493	-1.35976	-1.3452	-1.33023	-1.31159	-1.29214	-1.27304	-1.25472	-1.23461	-1.20679	-1.17288	-1.13997	-1.10925	-1.0742	-1.0312	-0.983097	-0.933123	-0.885526	-0.843172	-0.798065	-0.742134	-0.683142	-0.628563	-0.574794	-0.515516	-0.4498	-0.386679	-0.33194	-0.280583	-0.22617	-0.166681	-0.106439	-0.0533258	-0.00867502	0.04019	0.100431	0.161004	0.216449	0.269905	0.320794	0.369095	0.413227	0.445851	0.461573	0.461744	0.448965	0.425846	0.397647	0.367196	0.332895	0.295372	0.258979	0.224792	0.18999	0.15468	0.121269	0.0903152	0.0619509	0.0373558	0.0156349	-0.00540739	-0.0250641	-0.0426279	-0.0591253	-0.0744993	-0.0877919	-0.0990544	-0.109952	-0.120872	-0.129443	-0.134769	-0.139742	-0.146283	-0.153035	-0.159581	-0.166327	-0.171995	-0.176004	-0.179859	-0.185277	-0.19212	-0.199567	-0.207631	-0.215124	-0.22102	-0.227236	-0.23502	-0.242673	-0.248837	-0.253171	-0.255395	-0.255771	-0.255418	-0.256131	-0.257305	-0.255942	-0.251597	-0.246134	-0.239513	-0.230224	-0.219281	-0.2086	-0.197417	-0.184005	-0.167148	-0.147714	-0.128514	-0.109553	-0.0884478	-0.0650274	-0.0409856	-0.0162993	0.0101205	0.0370821	0.0634278	0.0906231	0.120031	0.151777	0.185627	0.220111	0.253795	0.287737	0.323936	0.362845	0.403082	0.443758	0.485375	0.527083	0.567566	0.607672	0.647903	0.685021	0.715775	0.742542	0.768141	0.792462	0.817593	0.84472	0.872138	0.899675	0.92719	0.953017	0.974635	0.991549	1.00669	1.01969	1.02641	1.0256	1.01962	1.01174	1.00303	0.993288	0.983822	0.975587	0.968796	0.96461	0.963025	0.961816	0.959267	0.955549	0.951534	0.947525	0.942188	0.933691	0.92293	0.912187	0.902219	0.893254	0.885756	0.879124	0.871773	0.862404	0.850149	0.834632	0.816755	0.797549	0.777156	0.755972	0.734878	0.714508	0.695474	0.677881	0.660859	0.643894	0.627186	0.610968	0.595634	0.581423	0.56744	0.551137	0.530676	0.508231	0.48667	0.46557	0.444842	0.424752	0.403658	0.38135	0.358511	0.335148	0.312269	0.290092	0.268365	0.247528	0.227216	0.206732	0.185525	0.164037	0.144141	0.125306	0.105062	0.0841622	0.0644257	0.0450315	0.0267377	0.0128577	0.00326613	-0.00498544	-0.0126326	-0.0190308	-0.0239748	-0.0267977	-0.0258738
8	-1.39192	-1.38709	-1.37508	-1.35913	-1.34606	-1.33233	-1.31241	-1.29077	-1.27122	-1.25303	-1.23216	-1.2039	-1.17105	-1.14023	-1.11105	-1.07694	-1.03489	-0.986449	-0.935334	-0.887127	-0.843148	-0.795714	-0.739682	-0.682178	-0.628358	-0.574412	-0.514097	-0.447755	-0.385672	-0.331834	-0.280181	-0.226099	-0.168652	-0.109438	-0.0539241	-0.00592049	0.0446833	0.106139	0.168239	0.223907	0.275058	0.322348	0.3679	0.410241	0.441274	0.457321	0.460109	0.450136	0.42915	0.400837	0.368236	0.333691	0.297434	0.259804	0.222806	0.187365	0.153447	0.121245	0.0911072	0.0632107	0.0385303	0.0176479	-0.00212264	-0.0228854	-0.0427471	-0.0594155	-0.0727195	-0.0838849	-0.0946853	-0.106284	-0.117341	-0.125405	-0.131923	-0.140339	-0.150028	-0.158815	-0.166166	-0.171886	-0.176157	-0.179367	-0.183194	-0.189175	-0.195916	-0.202702	-0.209488	-0.214768	-0.219233	-0.225261	-0.232999	-0.240897	-0.247877	-0.2535	-0.257246	-0.258324	-0.257731	-0.258352	-0.259664	-0.258438	-0.254115	-0.247073	-0.237584	-0.227969	-0.219422	-0.209853	-0.198128	-0.184608	-0.168276	-0.149709	-0.131415	-0.112397	-0.0896672	-0.0649869	-0.0421997	-0.0193385	0.00765131	0.0373613	0.066233	0.0939528	0.122197	0.151799	0.183522	0.218267	0.254455	0.29005	0.325861	0.362973	0.400741	0.440173	0.483204	0.527809	0.570948	0.612297	0.651079	0.685785	0.716721	0.744885	0.770626	0.795232	0.821504	0.849543	0.876607	0.903329	0.930501	0.95472	0.974616	0.991866	1.00735	1.02009	1.02706	1.027	1.02181	1.01355	1.00324	0.992499	0.98358	0.976885	0.972454	0.970487	0.968485	0.964152	0.958882	0.95444	0.950346	0.945875	0.940041	0.931796	0.921543	0.910685	0.901436	0.894222	0.887556	0.881152	0.874155	0.864449	0.851174	0.835464	0.818219	0.798842	0.777965	0.757357	0.737324	0.71696	0.69577	0.675019	0.65612	0.638335	0.621592	0.607199	0.59442	0.581236	0.566563	0.550117	0.531339	0.509732	0.487088	0.465749	0.445414	0.424868	0.404191	0.38361	0.362323	0.339975	0.317039	0.293414	0.269783	0.247338	0.226188	0.206092	0.186185	0.166049	0.146284	0.126451	0.105723	0.0844239	0.0637238	0.044786	0.0288475	0.0165815	0.00631694	-0.00354264	-0.0123872	-0.0188994	-0.0223322	-0.0239803	-0.0252577
9	-1.39171	-1.38769	-1.37573	-1.35806	-1.34366	-1.33003	-1.31099	-1.29047	-1.271	-1.25087	-1.22742	-1.19907	-1.16917	-1.14093	-1.11198	-1.07711	-1.03464	-0.986023	-0.93432	-0.885777	-0.842929	-0.797297	-0.741608	-0.682635	-0.626883	-0.571588	-0.511725	-0.446322	-0.382982	-0.328051	-0.278485	-0.227117	-0.169507	-0.108989	-0.0540069	-0.00734277	0.0421434	0.102313	0.163379	0.219176	0.272454	0.323513	0.372276	0.414943	0.444281	0.45939	0.462531	0.452902	0.4313	0.401466	0.36768	0.333644	0.2982	0.2599	0.222181	0.186354	0.151589	0.119195	0.0900503	0.0635741	0.0388367	0.015308	-0.00604297	-0.0246288	-0.0420458	-0.0590582	-0.0741149	-0.0859448	-0.0958307	-0.106526	-0.117906	-0.127598	-0.136144	-0.144604	-0.151389	-0.157033	-0.163925	-0.170784	-0.175932	-0.180413	-0.18478	-0.189786	-0.196548	-0.204164	-0.211621	-0.218452	-0.223919	-0.22889	-0.234825	-0.241581	-0.248195	-0.253611	-0.256832	-0.257345	-0.256621	-0.257544	-0.2593	-0.25763	-0.252259	-0.245886	-0.238309	-0.229466	-0.221142	-0.212614	-0.201553	-0.187454	-0.171217	-0.153635	-0.134582	-0.113214	-0.0893428	-0.064896	-0.0420458	-0.0191785	0.00684739	0.0354787	0.0645547	0.0943319	0.124611	0.153601	0.183162	0.216747	0.253252	0.289785	0.32572	0.362247	0.400479	0.440872	0.483859	0.52798	0.570522	0.611217	0.649489	0.683388	0.714466	0.743986	0.770274	0.794977	0.820855	0.84748	0.874879	0.903049	0.93009	0.954508	0.975072	0.991394	1.00535	1.01704	1.02456	1.02699	1.02338	1.01412	1.00126	0.988533	0.980357	0.975847	0.972153	0.969553	0.967598	0.964776	0.960557	0.955044	0.949576	0.945409	0.940403	0.932256	0.922576	0.913026	0.903471	0.894178	0.885381	0.877194	0.869771	0.861578	0.850855	0.837833	0.82199	0.80215	0.77979	0.757994	0.738747	0.720948	0.701889	0.681268	0.660698	0.641257	0.62372	0.608008	0.592723	0.577877	0.56416	0.549793	0.532057	0.510506	0.487753	0.466111	0.445444	0.424595	0.402788	0.38081	0.359237	0.336791	0.313074	0.290298	0.270219	0.250897	0.229969	0.208447	0.187666	0.166919	0.145933	0.125392	0.10562	0.0858144	0.0652331	0.0455698	0.0285974	0.0143615	0.00262848	-0.00749672	-0.0156266	-0.0202502	-0.0225137	-0.0244007	-0.0252274
10	-1.40462	-1.40002	-1.38947	-1.37457	-1.36119	-1.34722	-1.32795	-1.30695	-1.28737	-1.26887	-1.24844	-1.22149	-1.18951	-1.15828	-1.12781	-1.09227	-1.04958	-1.00202	-0.952182	-0.904712	-0.861897	-0.816415	-0.761475	-0.703099	-0.647965	-0.593959	-0.534626	-0.468768	-0.406512	-0.353486	-0.302973	-0.248164	-0.188426	-0.128415	-0.0746596	-0.02801	0.0227365	0.0843833	0.146805	0.20456	0.260611	0.313512	0.361968	0.40505	0.437672	0.455444	0.458093	0.447694	0.426885	0.398452	0.365392	0.329506	0.291119	0.251985	0.214457	0.178537	0.14366	0.110457	0.080218	0.0540813	0.032161	0.012366	-0.00769087	-0.0276453	-0.0466083	-0.063406	-0.0761526	-0.0867509	-0.098711	-0.111873	-0.124466	-0.134483	-0.140614	-0.144888	-0.150141	-0.156865	-0.163571	-0.168517	-0.172141	-0.176101	-0.181167	-0.187714	-0.19523	-0.202364	-0.208597	-0.213383	-0.216301	-0.219845	-0.226329	-0.234084	-0.241315	-0.247777	-0.25201	-0.253361	-0.254654	-0.257315	-0.258472	-0.256307	-0.252358	-0.247081	-0.239059	-0.229583	-0.221264	-0.212916	-0.201936	-0.18809	-0.172124	-0.154261	-0.135167	-0.115623	-0.0950357	-0.0730528	-0.0496795	-0.0244259	0.0017621	0.0280527	0.055426	0.0835457	0.111751	0.141762	0.174509	0.208566	0.242953	0.278161	0.314862	0.353575	0.3946	0.436446	0.47741	0.518389	0.560583	0.603512	0.644851	0.680635	0.710447	0.737894	0.763564	0.787336	0.812766	0.841131	0.869586	0.896208	0.921273	0.945045	0.966652	0.985968	1.0032	1.01677	1.02427	1.0246	1.01907	1.01009	0.999142	0.987866	0.978624	0.971877	0.966618	0.962937	0.960225	0.956766	0.952983	0.95023	0.947894	0.944589	0.939028	0.930755	0.921142	0.911689	0.903267	0.896407	0.890584	0.885541	0.881193	0.875262	0.865826	0.854162	0.840498	0.823535	0.803712	0.782008	0.760418	0.740367	0.719381	0.696327	0.674669	0.657005	0.641911	0.626811	0.611717	0.597974	0.585147	0.571045	0.55317	0.530726	0.505176	0.479216	0.456241	0.437227	0.419136	0.398936	0.376298	0.352338	0.327945	0.303933	0.281352	0.260389	0.240532	0.220509	0.198628	0.176201	0.155671	0.136212	0.116685	0.0969189	0.0763434	0.0554089	0.0364402	0.0226454	0.0136481	0.00560829	-0.00209541	-0.00754276	-0.0105285	-0.0122948	-0.0137821
11	-1.40381	-1.40068	-1.3898	-1.37266	-1.35708	-1.34157	-1.32238	-1.30326	-1.28549	-1.2673	-1.24567	-1.21769	-1.18643	-1.15654	-1.12696	-1.09263	-1.05091	-1.00261	-0.951697	-0.904699	-0.862804	-0.816973	-0.760872	-0.701535	-0.646061	-0.592489	-0.53424	-0.469128	-0.404836	-0.347784	-0.296	-0.243123	-0.184955	-0.125043	-0.0717046	-0.0266426	0.0226573	0.0841412	0.148165	0.207291	0.260903	0.310305	0.360175	0.406985	0.439288	0.454241	0.45579	0.445087	0.423168	0.393417	0.359674	0.324244	0.286968	0.248315	0.210071	0.173975	0.141746	0.112189	0.0827456	0.0543277	0.0285413	0.00509046	-0.0157973	-0.0334551	-0.0495866	-0.0664301	-0.0822025	-0.0949334	-0.106741	-0.118293	-0.12739	-0.133798	-0.139864	-0.146922	-0.153683	-0.160108	-0.167097	-0.173363	-0.178273	-0.181976	-0.184846	-0.18925	-0.19539	-0.200591	-0.205011	-0.210553	-0.217132	-0.224036	-0.231093	-0.238305	-0.245442	-0.25148	-0.255518	-0.257831	-0.259745	-0.261858	-0.262507	-0.259978	-0.255097	-0.249304	-0.242343	-0.234004	-0.224816	-0.214381	-0.202089	-0.188589	-0.174126	-0.157585	-0.139095	-0.119535	-0.0978669	-0.074302	-0.051153	-0.0276792	-0.00185309	0.025266	0.0529264	0.081931	0.111289	0.140453	0.171628	0.206186	0.242613	0.278715	0.314634	0.352388	0.392352	0.43386	0.476951	0.520549	0.563429	0.605222	0.643722	0.677164	0.708282	0.738961	0.766399	0.790773	0.816491	0.84459	0.87266	0.899312	0.925019	0.949336	0.969984	0.986753	1.00171	1.014	1.02012	1.02046	1.01834	1.01285	1.00136	0.987602	0.977673	0.971465	0.96709	0.964538	0.962414	0.958854	0.953363	0.947313	0.942848	0.939943	0.935437	0.926733	0.916645	0.909987	0.906472	0.901545	0.893781	0.885972	0.879501	0.87356	0.866879	0.857497	0.843661	0.826106	0.806488	0.78416	0.75994	0.737201	0.716199	0.694993	0.674372	0.656151	0.639752	0.624771	0.611863	0.599702	0.586681	0.571791	0.553427	0.53144	0.50779	0.484225	0.461571	0.439966	0.41893	0.397803	0.376027	0.353448	0.330037	0.30609	0.283175	0.261552	0.240084	0.219355	0.199465	0.178873	0.157188	0.135668	0.115527	0.0962739	0.076645	0.0570447	0.0391361	0.0248445	0.0148935	0.00727203	0.000408267	-0.00508292	-0.00892208	-0.010739	-0.0103803
12	-1.40952	-1.40576	-1.3958	-1.38003	-1.36495	-1.35011	-1.33144	-1.31136	-1.29268	-1.27537	-1.25403	-1.22344	-1.18874	-1.15761	-1.12891	-1.09552	-1.05415	-1.00604	-0.954845	-0.907111	-0.864502	-0.81757	-0.760792	-0.701898	-0.646288	-0.592294	-0.534313	-0.469252	-0.404975	-0.348272	-0.296592	-0.243261	-0.185157	-0.126502	-0.0733856	-0.0266169	0.0246858	0.0871605	0.150722	0.210029	0.265656	0.315761	0.362739	0.405212	0.435857	0.452138	0.454585	0.443407	0.420953	0.391186	0.358159	0.323707	0.285954	0.245747	0.207512	0.172862	0.141968	0.113067	0.0836553	0.0552488	0.0295162	0.00698622	-0.0118177	-0.0295986	-0.0496059	-0.0692295	-0.0830927	-0.0931661	-0.10614	-0.120445	-0.129123	-0.132681	-0.137767	-0.146247	-0.153618	-0.158367	-0.163499	-0.169539	-0.174979	-0.17949	-0.182757	-0.184431	-0.186192	-0.19086	-0.198614	-0.20581	-0.210553	-0.216191	-0.224922	-0.234838	-0.243429	-0.248614	-0.250067	-0.249579	-0.250265	-0.253613	-0.255921	-0.253741	-0.249056	-0.243854	-0.236594	-0.227962	-0.221178	-0.214244	-0.203322	-0.189406	-0.173712	-0.156251	-0.137354	-0.115562	-0.0906201	-0.0655094	-0.0420087	-0.0189847	0.00589929	0.0345731	0.0656826	0.0952516	0.12231	0.150472	0.182383	0.216638	0.251833	0.287756	0.324916	0.364942	0.406863	0.447889	0.487979	0.529063	0.570728	0.611051	0.650612	0.688545	0.721462	0.748857	0.772492	0.79551	0.8218	0.85159	0.881584	0.909334	0.934479	0.957294	0.977493	0.995309	1.01114	1.02365	1.03093	1.03241	1.02945	1.02298	1.0125	0.999941	0.989537	0.982247	0.976441	0.973255	0.973087	0.971	0.964531	0.958241	0.955846	0.954992	0.951342	0.942972	0.931625	0.921744	0.915454	0.910391	0.903893	0.896732	0.891082	0.886106	0.878457	0.866471	0.851521	0.834559	0.814139	0.790679	0.767871	0.74705	0.726618	0.705971	0.685534	0.666509	0.649984	0.635324	0.621822	0.608801	0.594165	0.576587	0.557132	0.537613	0.517559	0.494524	0.469518	0.445907	0.424906	0.405706	0.385548	0.362379	0.337855	0.314761	0.293295	0.272282	0.250944	0.228373	0.20571	0.184895	0.165073	0.144921	0.125135	0.106331	0.087108	0.0669439	0.0486747	0.0345789	0.0230641	0.0132407	0.00670145	0.00230696	-0.00226172	-0.00592951	-0.00673166
13	-1.39175	-1.38992	-1.37998	-1.36401	-1.34976	-1.33508	-1.31546	-1.29511	-1.2764	-1.25834	-1.23782	-1.21076	-1.17993	-1.1513	-1.1241	-1.09111	-1.04879	-0.999403	-0.947251	-0.898467	-0.855407	-0.810177	-0.755763	-0.698621	-0.645001	-0.591348	-0.532016	-0.466967	-0.404255	-0.349052	-0.297622	-0.244315	-0.186963	-0.128533	-0.0756281	-0.0303636	0.0189112	0.0804094	0.143689	0.201705	0.256635	0.308303	0.356114	0.397402	0.426943	0.443092	0.446439	0.437006	0.416506	0.388366	0.355717	0.319761	0.280129	0.240338	0.205301	0.173122	0.139372	0.104465	0.07185	0.0436477	0.0197733	-0.00148056	-0.0213334	-0.0391385	-0.0560134	-0.0737959	-0.0896952	-0.101028	-0.111062	-0.122702	-0.133978	-0.142498	-0.148862	-0.155686	-0.163253	-0.169832	-0.175493	-0.180337	-0.184161	-0.18795	-0.192828	-0.198971	-0.205466	-0.211512	-0.217394	-0.223384	-0.228648	-0.233254	-0.239238	-0.247173	-0.254825	-0.259772	-0.261898	-0.262698	-0.263634	-0.264882	-0.264684	-0.262142	-0.258058	-0.25259	-0.245511	-0.237973	-0.230718	-0.221558	-0.209504	-0.195965	-0.180372	-0.162045	-0.142282	-0.121403	-0.0986346	-0.0749418	-0.0520259	-0.0285202	-0.00222934	0.0260355	0.0551056	0.0848906	0.114409	0.143303	0.173525	0.207099	0.24331	0.279567	0.315161	0.351849	0.391265	0.433081	0.475299	0.516882	0.558432	0.599805	0.640089	0.678047	0.711122	0.738088	0.762138	0.787902	0.816427	0.845798	0.874341	0.900235	0.923723	0.947791	0.970905	0.989033	1.00358	1.01601	1.0229	1.02225	1.01701	1.01041	1.00168	0.99023	0.979328	0.971336	0.96677	0.96496	0.962618	0.958574	0.954609	0.950786	0.946452	0.941897	0.936287	0.927535	0.916724	0.908023	0.902163	0.89598	0.888561	0.881522	0.875538	0.870365	0.863796	0.852798	0.83746	0.818901	0.797641	0.775542	0.753658	0.73131	0.708961	0.687475	0.666805	0.648234	0.632772	0.618529	0.604019	0.590275	0.57715	0.562175	0.543428	0.520898	0.497001	0.474613	0.453387	0.431515	0.409365	0.388293	0.367589	0.345734	0.322739	0.299284	0.27634	0.254456	0.233373	0.212828	0.191801	0.170337	0.150376	0.131488	0.11142	0.0900012	0.0688948	0.0496489	0.0330406	0.0197846	0.00941012	0.000158621	-0.0077485	-0.0128931	-0.0156384	-0.0171586	-0.0175046
14	-1.39354	-1.3902	-1.38058	-1.36511	-1.3503	-1.33523	-1.31612	-1.29622	-1.27798	-1.26089	-1.24124	-1.21434	-1.18223	-1.15089	-1.12128	-1.0873	-1.04557	-0.998539	-0.949032	-0.901391	-0.858445	-0.812862	-0.757723	-0.699515	-0.644438	-0.590291	-0.531351	-0.465901	-0.402798	-0.34843	-0.298905	-0.247033	-0.188428	-0.127826	-0.0747002	-0.0299171	0.0194544	0.0807703	0.14372	0.201939	0.257714	0.310267	0.357302	0.396708	0.426541	0.444792	0.44912	0.438888	0.416531	0.386471	0.35264	0.317617	0.281642	0.244658	0.208569	0.173972	0.139523	0.105357	0.0741402	0.047994	0.0256365	0.00381777	-0.0187156	-0.0404265	-0.0600617	-0.0769462	-0.0905978	-0.102378	-0.113937	-0.124707	-0.133753	-0.14171	-0.149617	-0.157324	-0.163699	-0.169558	-0.17637	-0.18237	-0.186658	-0.190532	-0.194377	-0.198858	-0.204518	-0.211012	-0.217359	-0.222248	-0.226127	-0.231243	-0.238525	-0.246097	-0.252642	-0.25892	-0.263968	-0.265738	-0.265324	-0.265471	-0.265879	-0.263707	-0.258864	-0.253407	-0.246715	-0.237986	-0.228645	-0.218652	-0.207014	-0.193634	-0.177612	-0.158867	-0.139408	-0.119756	-0.0982658	-0.0754659	-0.0532955	-0.0303992	-0.00470667	0.023175	0.0524236	0.0827497	0.113229	0.143413	0.174721	0.207996	0.242287	0.277786	0.314799	0.353116	0.392965	0.433959	0.477132	0.522431	0.565904	0.605503	0.642239	0.676904	0.70968	0.739552	0.765823	0.790177	0.815218	0.842453	0.870941	0.89842	0.924215	0.948506	0.970637	0.990011	1.00643	1.01922	1.02685	1.02807	1.02311	1.0136	1.00227	0.991611	0.981782	0.972117	0.964341	0.960371	0.958659	0.956418	0.952828	0.949096	0.946374	0.943481	0.938173	0.929954	0.920704	0.91265	0.905805	0.899044	0.892159	0.885421	0.879143	0.873051	0.865213	0.853813	0.839311	0.822114	0.800914	0.777002	0.754174	0.732451	0.710043	0.688411	0.669048	0.651137	0.633862	0.617108	0.60155	0.587632	0.57406	0.55911	0.541573	0.520837	0.497691	0.474058	0.451683	0.430545	0.409362	0.387662	0.36527	0.342289	0.319359	0.296355	0.273827	0.252615	0.232078	0.21229	0.193125	0.173343	0.153004	0.132411	0.111562	0.0907751	0.0699944	0.0498543	0.0319774	0.0174977	0.00604678	-0.00304494	-0.00940855	-0.013146	-0.0153637	-0.0168156	-0.0170424
15	-1.39367	-1.38941	-1.37717	-1.3595	-1.3453	-1.33225	-1.3146	-1.29593	-1.27791	-1.2592	-1.23759	-1.20978	-1.17826	-1.14844	-1.11959	-1.08563	-1.04405	-0.996886	-0.946752	-0.898528	-0.855862	-0.81177	-0.758093	-0.700597	-0.645683	-0.590556	-0.529963	-0.463087	-0.398562	-0.343726	-0.294782	-0.24311	-0.184953	-0.123744	-0.0677038	-0.0221137	0.0250783	0.0859456	0.149434	0.205351	0.257095	0.307463	0.355483	0.397025	0.427002	0.443909	0.447644	0.437312	0.41541	0.386816	0.35401	0.318797	0.282453	0.24533	0.20772	0.170059	0.135501	0.105876	0.0781054	0.0505139	0.0249664	0.00201155	-0.0191007	-0.0379171	-0.0548461	-0.0712711	-0.0869178	-0.101243	-0.115148	-0.12851	-0.138819	-0.145399	-0.150809	-0.156975	-0.164372	-0.172711	-0.179694	-0.183239	-0.185933	-0.191259	-0.198393	-0.20504	-0.210192	-0.214672	-0.219881	-0.225514	-0.231282	-0.237851	-0.245199	-0.252899	-0.260392	-0.266563	-0.270645	-0.272219	-0.272264	-0.272779	-0.272163	-0.268506	-0.264328	-0.260403	-0.253991	-0.244969	-0.235611	-0.225839	-0.214112	-0.200067	-0.183441	-0.164787	-0.145388	-0.124965	-0.102822	-0.0804216	-0.0591637	-0.0364834	-0.0103086	0.0170478	0.0450426	0.0749471	0.105216	0.135686	0.168771	0.204102	0.239343	0.273912	0.309529	0.347979	0.387975	0.428122	0.469971	0.514229	0.558643	0.600246	0.63822	0.672806	0.703506	0.730812	0.756449	0.782534	0.810272	0.838597	0.86583	0.89135	0.916298	0.941123	0.963854	0.983477	1.00024	1.01252	1.01837	1.0186	1.01482	1.00728	0.995903	0.982805	0.972528	0.966391	0.962168	0.959441	0.957923	0.956294	0.953835	0.949243	0.942367	0.93582	0.930382	0.923858	0.915262	0.90633	0.899632	0.894581	0.888449	0.881723	0.876353	0.871363	0.863422	0.850463	0.833943	0.815278	0.793253	0.768708	0.745776	0.725386	0.704363	0.682136	0.661674	0.643893	0.627076	0.610959	0.596696	0.584084	0.570991	0.555143	0.53547	0.512666	0.489527	0.467692	0.445992	0.423843	0.402059	0.381507	0.361184	0.33889	0.315123	0.291732	0.269365	0.247519	0.225108	0.203374	0.183253	0.163098	0.14301	0.123539	0.103675	0.0834088	0.0636742	0.0444882	0.0262488	0.0123269	0.00348441	-0.00457414	-0.0122798	-0.0169727	-0.0197335	-0.0215815	-0.021632
16	-1.39219	-1.38817	-1.37737	-1.36215	-1.34891	-1.33404	-1.31327	-1.293	-1.27613	-1.25899	-1.23652	-1.20675	-1.17495	-1.14623	-1.11846	-1.08492	-1.04298	-0.995118	-0.945143	-0.898258	-0.856002	-0.810924	-0.756405	-0.698172	-0.643692	-0.59087	-0.532727	-0.468065	-0.404669	-0.348218	-0.296812	-0.244236	-0.186121	-0.126069	-0.0714992	-0.0248595	0.0229282	0.0808581	0.14356	0.203405	0.258171	0.307891	0.354849	0.397457	0.42916	0.44679	0.450643	0.439879	0.415826	0.383999	0.350235	0.316929	0.282135	0.244635	0.207068	0.172525	0.141023	0.109493	0.0769716	0.0466961	0.0212256	-0.00064369	-0.0205697	-0.039034	-0.0572967	-0.0749938	-0.0894594	-0.101131	-0.113435	-0.126836	-0.138054	-0.145547	-0.151735	-0.159111	-0.166671	-0.172608	-0.177542	-0.182677	-0.18839	-0.193693	-0.197714	-0.201998	-0.207957	-0.215439	-0.223106	-0.228729	-0.23261	-0.237628	-0.244819	-0.252424	-0.259301	-0.265462	-0.269371	-0.269309	-0.267898	-0.268984	-0.270502	-0.26871	-0.264454	-0.259206	-0.253113	-0.246364	-0.23821	-0.227441	-0.213698	-0.197989	-0.181675	-0.164947	-0.147126	-0.127015	-0.103612	-0.0786285	-0.0554094	-0.0332152	-0.00828248	0.0197137	0.0488634	0.078198	0.107057	0.136128	0.167692	0.202722	0.239387	0.274613	0.30882	0.345721	0.385959	0.428029	0.47123	0.513681	0.554843	0.596135	0.636272	0.672759	0.705409	0.7342	0.759581	0.784648	0.810785	0.836804	0.86256	0.888271	0.914705	0.9412	0.963556	0.980548	0.995954	1.00987	1.01745	1.01757	1.01315	1.00509	0.993372	0.98164	0.973878	0.968384	0.962464	0.95799	0.955906	0.953431	0.949668	0.946979	0.945299	0.941945	0.935734	0.926678	0.916693	0.908124	0.900474	0.893171	0.886624	0.880822	0.874769	0.867455	0.85925	0.849304	0.835426	0.816951	0.795098	0.772271	0.750021	0.727911	0.705347	0.683601	0.663456	0.644152	0.626477	0.61027	0.59451	0.580935	0.568614	0.553213	0.533775	0.512174	0.48942	0.465977	0.443318	0.422462	0.402738	0.38326	0.362567	0.339404	0.314908	0.290949	0.268453	0.24716	0.226058	0.204979	0.18372	0.162298	0.142204	0.123359	0.104066	0.0837031	0.0630099	0.0441255	0.0281198	0.0144605	0.00331016	-0.00533673	-0.0121075	-0.0173383	-0.0211465	-0.0231794	-0.0226362
17	-1.39123	-1.38702	-1.37496	-1.3585	-1.34541	-1.33188	-1.31282	-1.29296	-1.27465	-1.25742	-1.23841	-1.21249	-1.1812	-1.15008	-1.11974	-1.08527	-1.04358	-0.996366	-0.947268	-0.900733	-0.858175	-0.812187	-0.756868	-0.698867	-0.643626	-0.589024	-0.529998	-0.464184	-0.399815	-0.34416	-0.294206	-0.243127	-0.186811	-0.128109	-0.0742858	-0.0277368	0.0220043	0.0836012	0.148373	0.206772	0.258434	0.306843	0.355363	0.400131	0.432271	0.448545	0.450583	0.43954	0.418063	0.389709	0.356024	0.3189	0.280628	0.242059	0.203373	0.165835	0.131041	0.0984641	0.0684582	0.0427419	0.0204923	-0.000284471	-0.0203725	-0.039066	-0.0561579	-0.0725105	-0.0874184	-0.100388	-0.11286	-0.125292	-0.136185	-0.144014	-0.149592	-0.155534	-0.162439	-0.169624	-0.177464	-0.184901	-0.190832	-0.195766	-0.199591	-0.203315	-0.20854	-0.21489	-0.221151	-0.226186	-0.230627	-0.236132	-0.242684	-0.25053	-0.259748	-0.267919	-0.272136	-0.272013	-0.271542	-0.273777	-0.27465	-0.270568	-0.264699	-0.260101	-0.25501	-0.246924	-0.236496	-0.22529	-0.212886	-0.198611	-0.18279	-0.165289	-0.145778	-0.124917	-0.102724	-0.0791579	-0.0563483	-0.034121	-0.00890325	0.0199323	0.0501119	0.0797874	0.108265	0.137201	0.16924	0.204566	0.24048	0.275252	0.310309	0.346839	0.385268	0.426519	0.469854	0.513513	0.556567	0.598009	0.636673	0.671557	0.702067	0.729928	0.757554	0.784362	0.810005	0.836483	0.864406	0.892351	0.918739	0.942887	0.964599	0.983355	0.999433	1.01198	1.01814	1.01794	1.01398	1.00707	0.996112	0.982582	0.971796	0.965305	0.960455	0.957789	0.958103	0.957767	0.95364	0.947255	0.941678	0.937489	0.932477	0.925398	0.91763	0.909689	0.901653	0.894227	0.886913	0.879605	0.873165	0.867307	0.859931	0.849044	0.835083	0.81826	0.796822	0.771666	0.747059	0.725151	0.704587	0.683446	0.662232	0.643976	0.628687	0.61313	0.597595	0.583986	0.570842	0.555559	0.536883	0.515299	0.491319	0.46543	0.440945	0.419631	0.398944	0.378111	0.35739	0.334989	0.310522	0.28573	0.263077	0.244322	0.227622	0.20955	0.189137	0.16742	0.145248	0.12324	0.102782	0.0833548	0.0630148	0.0433356	0.0267758	0.0133521	0.00217396	-0.00755925	-0.0149234	-0.0179589	-0.017634	-0.0179868	-0.0201261
18	-1.39491	-1.39145	-1.38021	-1.36404	-1.34998	-1.33575	-1.31715	-1.29807	-1.28029	-1.26204	-1.2402	-1.21143	-1.17893	-1.14903	-1.12129	-1.08824	-1.0465	-0.99908	-0.948899	-0.900285	-0.856527	-0.810215	-0.754187	-0.696191	-0.643271	-0.591474	-0.533388	-0.467701	-0.403955	-0.348835	-0.298002	-0.244163	-0.185237	-0.126124	-0.0732498	-0.0275723	0.0213322	0.0804737	0.141526	0.199346	0.254234	0.304755	0.353053	0.397534	0.429231	0.444861	0.447822	0.438039	0.415631	0.38623	0.354278	0.320334	0.283498	0.244462	0.206685	0.17197	0.138986	0.106426	0.0746151	0.0455435	0.0215591	0.00132926	-0.0191048	-0.0399302	-0.0590145	-0.0757054	-0.0898613	-0.103115	-0.116755	-0.128325	-0.136253	-0.142855	-0.150233	-0.157402	-0.163045	-0.16841	-0.174297	-0.179662	-0.184744	-0.190222	-0.195247	-0.199257	-0.203408	-0.208774	-0.214859	-0.220315	-0.225005	-0.231249	-0.239643	-0.247487	-0.253822	-0.259391	-0.263083	-0.26369	-0.263775	-0.266287	-0.268318	-0.265731	-0.260145	-0.254122	-0.246715	-0.237942	-0.229389	-0.220542	-0.209324	-0.194572	-0.177195	-0.15857	-0.139202	-0.119528	-0.0993496	-0.0781328	-0.0554642	-0.0303228	-0.00321929	0.0242587	0.052474	0.0817383	0.111462	0.142541	0.175714	0.210003	0.244269	0.278604	0.314612	0.352928	0.391709	0.430927	0.473292	0.518402	0.562866	0.604886	0.643826	0.679107	0.710816	0.739434	0.766203	0.792541	0.818749	0.845047	0.871436	0.897434	0.923352	0.948505	0.970907	0.990013	1.00583	1.01752	1.02414	1.02452	1.01874	1.00974	0.999627	0.989129	0.980542	0.974593	0.969948	0.966602	0.963534	0.9589	0.953717	0.9499	0.946877	0.942516	0.93613	0.928093	0.918463	0.908992	0.901942	0.896458	0.890441	0.883845	0.877555	0.871005	0.862345	0.850696	0.836517	0.819684	0.800158	0.779134	0.757367	0.734642	0.711826	0.691097	0.672262	0.653081	0.634173	0.617419	0.60298	0.589896	0.575996	0.559713	0.540912	0.519667	0.497027	0.474432	0.452625	0.431488	0.410221	0.388505	0.366528	0.344892	0.323794	0.301471	0.277572	0.254915	0.234849	0.215839	0.196159	0.174852	0.152143	0.129526	0.108428	0.0887936	0.0692272	0.0493263	0.0311892	0.0174757	0.0079761	0.00012686	-0.00660516	-0.0106091	-0.0122708	-0.0141254	-0.01653
19	-1.40414	-1.39971	-1.38933	-1.37463	-1.36148	-1.34815	-1.33091	-1.31294	-1.29632	-1.27981	-1.25957	-1.23315	-1.2049	-1.17845	-1.15107	-1.11818	-1.07858	-1.03387	-0.986865	-0.942746	-0.903584	-0.861248	-0.809418	-0.754838	-0.702627	-0.64997	-0.592552	-0.529985	-0.4701	-0.41746	-0.367067	-0.314103	-0.257785	-0.199788	-0.145486	-0.0973977	-0.0451111	0.0178321	0.0815688	0.139977	0.194731	0.246468	0.295331	0.338768	0.371323	0.389619	0.393638	0.383706	0.361321	0.331465	0.299021	0.264717	0.227072	0.188019	0.151161	0.116544	0.0832021	0.0511397	0.0208671	-0.00569332	-0.0279041	-0.0479838	-0.0674029	-0.0859246	-0.103653	-0.120558	-0.13513	-0.145874	-0.154242	-0.163046	-0.171704	-0.177878	-0.182146	-0.185992	-0.189913	-0.194963	-0.200199	-0.203726	-0.207491	-0.212193	-0.214608	-0.21535	-0.218361	-0.223626	-0.228375	-0.231167	-0.232904	-0.236854	-0.244875	-0.254738	-0.263663	-0.271059	-0.276665	-0.279081	-0.278762	-0.278577	-0.278762	-0.276648	-0.271569	-0.265424	-0.259418	-0.252242	-0.242507	-0.231306	-0.21974	-0.20712	-0.192757	-0.176992	-0.159901	-0.140505	-0.117854	-0.0933437	-0.0705709	-0.0496342	-0.0261609	0.0014187	0.0303247	0.0588194	0.087928	0.11838	0.149788	0.183165	0.219241	0.255549	0.290785	0.327388	0.367182	0.409988	0.453889	0.496532	0.538295	0.579549	0.618527	0.654284	0.686538	0.714447	0.738975	0.76352	0.789408	0.816119	0.84393	0.871701	0.897804	0.922413	0.945284	0.96494	0.980444	0.991588	0.998283	1.00042	0.997721	0.990748	0.980138	0.967749	0.957353	0.949193	0.942631	0.939423	0.937685	0.934853	0.931199	0.92715	0.924301	0.92287	0.920148	0.914443	0.906306	0.898627	0.893814	0.890315	0.886319	0.883377	0.883001	0.884107	0.884924	0.882781	0.875003	0.860894	0.840577	0.815899	0.789883	0.763462	0.737521	0.713833	0.693557	0.677995	0.665479	0.651591	0.636932	0.624886	0.613251	0.597127	0.575935	0.551639	0.525884	0.501716	0.480542	0.460566	0.441118	0.42255	0.403843	0.38308	0.359711	0.335074	0.310644	0.287808	0.266976	0.247313	0.227772	0.207421	0.186745	0.166798	0.146991	0.12639	0.104932	0.0841518	0.0667308	0.0532768	0.0429736	0.0358036	0.0309443	0.027956	0.0271915	0.0264443	0.0244172
20	-1.39979	-1.39704	-1.38851	-1.37431	-1.3614	-1.34828	-1.33124	-1.31401	-1.297	-1.27907	-1.25889	-1.23286	-1.20275	-1.17399	-1.1474	-1.11733	-1.07909	-1.03436	-0.988525	-0.946137	-0.906328	-0.861156	-0.806888	-0.752417	-0.702441	-0.650779	-0.592272	-0.528795	-0.468243	-0.414079	-0.362417	-0.309516	-0.254212	-0.197998	-0.144541	-0.095543	-0.043806	0.0166301	0.079244	0.138539	0.19422	0.246716	0.297793	0.343182	0.37411	0.388988	0.391606	0.383046	0.36321	0.333846	0.298592	0.262319	0.226179	0.189054	0.152804	0.118037	0.0836803	0.0509515	0.0202963	-0.00784549	-0.0300739	-0.0475011	-0.0660634	-0.0862241	-0.105169	-0.122086	-0.135668	-0.145902	-0.154937	-0.164053	-0.172543	-0.178677	-0.182905	-0.186756	-0.190358	-0.194934	-0.20065	-0.204548	-0.206251	-0.208463	-0.212332	-0.217203	-0.22168	-0.224894	-0.227558	-0.230263	-0.233732	-0.239541	-0.247337	-0.255625	-0.263704	-0.269699	-0.271882	-0.271395	-0.271726	-0.274529	-0.276457	-0.274465	-0.269953	-0.264474	-0.257061	-0.24787	-0.239437	-0.231723	-0.221964	-0.209575	-0.195339	-0.178787	-0.160323	-0.141042	-0.119851	-0.0969445	-0.074554	-0.0509935	-0.0240042	0.0040217	0.03137	0.0594885	0.0889971	0.119739	0.151848	0.185301	0.220039	0.255612	0.291468	0.327979	0.366413	0.407122	0.448845	0.491235	0.534672	0.577559	0.617371	0.653031	0.685707	0.716253	0.742796	0.766061	0.790959	0.818597	0.846003	0.872408	0.898991	0.925315	0.94803	0.965567	0.98022	0.99207	0.998805	1.00079	0.999286	0.993419	0.982501	0.9691	0.957939	0.951261	0.946367	0.94134	0.93772	0.934963	0.930521	0.925083	0.922384	0.922297	0.919645	0.913007	0.905038	0.897364	0.891329	0.886962	0.8834	0.882607	0.885926	0.889812	0.890483	0.886991	0.87769	0.860338	0.836974	0.813159	0.790635	0.767017	0.741875	0.718193	0.698646	0.681618	0.664226	0.647853	0.635198	0.625242	0.613937	0.598317	0.57833	0.554868	0.52913	0.504063	0.481736	0.460585	0.439619	0.419893	0.400363	0.380029	0.359845	0.338549	0.314942	0.291173	0.26833	0.246525	0.226254	0.206707	0.187137	0.167289	0.147632	0.12823	0.107664	0.0868425	0.0685698	0.0539343	0.0428548	0.0350882	0.0308893	0.0301885	0.0305649	0.0292734	0.026586
21	-1.40021	-1.3972	-1.38881	-1.37504	-1.36187	-1.34852	-1.33113	-1.31286	-1.29592	-1.27875	-1.2584	-1.23274	-1.2041	-1.17614	-1.14864	-1.11692	-1.0781	-1.03377	-0.987096	-0.942924	-0.903468	-0.860406	-0.806471	-0.749866	-0.697981	-0.646866	-0.590238	-0.527403	-0.466663	-0.413342	-0.363003	-0.310649	-0.255046	-0.197491	-0.142908	-0.0951803	-0.0450553	0.0164888	0.0811889	0.141262	0.196489	0.2475	0.296304	0.340534	0.37324	0.390624	0.393207	0.382893	0.362377	0.334882	0.303166	0.269134	0.232119	0.192511	0.154303	0.119304	0.0862384	0.0536539	0.0220016	-0.00613573	-0.0295825	-0.0500702	-0.069614	-0.0880692	-0.105233	-0.121702	-0.1363	-0.147749	-0.157251	-0.165874	-0.172857	-0.177982	-0.182528	-0.187699	-0.193287	-0.198655	-0.203439	-0.206629	-0.208343	-0.210254	-0.213509	-0.217985	-0.222253	-0.226011	-0.229914	-0.232404	-0.232867	-0.235583	-0.243696	-0.254096	-0.2628	-0.268596	-0.271827	-0.273431	-0.274329	-0.275858	-0.277381	-0.275962	-0.271376	-0.265423	-0.2583	-0.250778	-0.243285	-0.23373	-0.222172	-0.210301	-0.196721	-0.179922	-0.161131	-0.141304	-0.119241	-0.0958057	-0.073957	-0.0517669	-0.0254479	0.0030716	0.0309946	0.0592882	0.0883983	0.118064	0.149306	0.182481	0.217312	0.252671	0.288093	0.326289	0.368474	0.4115	0.453448	0.4959	0.538838	0.580138	0.619614	0.656362	0.688275	0.716117	0.741608	0.766444	0.792578	0.819742	0.846803	0.873521	0.900222	0.925731	0.946508	0.962253	0.97677	0.990002	0.997548	0.998324	0.995515	0.990639	0.981542	0.968733	0.957719	0.950677	0.945616	0.941528	0.937706	0.934394	0.932037	0.929836	0.927422	0.924202	0.919639	0.913929	0.907148	0.899742	0.893135	0.888259	0.884813	0.883464	0.885132	0.888178	0.889336	0.885809	0.876573	0.861708	0.841753	0.818324	0.792653	0.765477	0.738539	0.713557	0.691738	0.674307	0.661139	0.649685	0.637739	0.625845	0.614083	0.599126	0.578268	0.55368	0.52845	0.503631	0.48056	0.459598	0.439851	0.420469	0.400265	0.379552	0.358526	0.335745	0.311841	0.28866	0.266563	0.245519	0.225367	0.205684	0.186002	0.165948	0.14615	0.126478	0.105759	0.0852483	0.0672505	0.0526985	0.0423734	0.035911	0.0315158	0.0288578	0.0283656	0.0279429	0.0259509
22	-1.41262	-1.409	-1.39845	-1.38386	-1.3712	-1.35748	-1.33883	-1.31999	-1.30369	-1.28819	-1.26953	-1.24291	-1.21091	-1.18051	-1.15192	-1.11883	-1.07833	-1.03255	-0.984639	-0.939329	-0.898395	-0.854182	-0.80149	-0.746918	-0.69415	-0.640173	-0.581748	-0.518634	-0.457897	-0.404113	-0.353102	-0.300252	-0.243532	-0.183822	-0.127784	-0.0796288	-0.0290151	0.0323296	0.0950521	0.152047	0.206205	0.259737	0.311834	0.357479	0.389673	0.406727	0.410183	0.399493	0.376997	0.348897	0.31807	0.283909	0.245462	0.204225	0.164816	0.129622	0.097078	0.0650891	0.0330069	0.00302643	-0.0209989	-0.0395302	-0.0572149	-0.0756235	-0.0937461	-0.110304	-0.123487	-0.134901	-0.147804	-0.15996	-0.166826	-0.169471	-0.172577	-0.177943	-0.1836	-0.188119	-0.192066	-0.195668	-0.199609	-0.204157	-0.207941	-0.211017	-0.214351	-0.218134	-0.221766	-0.223979	-0.226483	-0.232719	-0.241412	-0.249446	-0.256464	-0.262232	-0.266156	-0.268351	-0.26991	-0.271755	-0.271807	-0.26845	-0.264101	-0.260674	-0.256336	-0.249008	-0.239083	-0.227569	-0.21532	-0.202914	-0.189707	-0.174112	-0.155803	-0.136384	-0.115442	-0.0919012	-0.0673446	-0.0424377	-0.016334	0.0111944	0.0396042	0.0678799	0.0964885	0.126381	0.157699	0.191252	0.227906	0.266913	0.305143	0.340589	0.376594	0.416751	0.460213	0.504842	0.549016	0.590872	0.629044	0.663782	0.695304	0.72264	0.746688	0.770398	0.79562	0.822909	0.851962	0.881779	0.911146	0.937343	0.958093	0.974908	0.989662	1.00163	1.00896	1.01041	1.007	0.99978	0.988751	0.977027	0.968398	0.961976	0.955705	0.949592	0.944869	0.942773	0.941477	0.938511	0.934623	0.930291	0.924475	0.917312	0.909856	0.902908	0.897916	0.895703	0.894337	0.892825	0.892691	0.893123	0.891365	0.886631	0.878223	0.863364	0.841569	0.817924	0.795784	0.771887	0.745077	0.719294	0.697307	0.679809	0.664874	0.649332	0.634333	0.623281	0.614646	0.602204	0.581851	0.555847	0.529941	0.506722	0.484705	0.462723	0.441985	0.423868	0.406043	0.384926	0.36069	0.334995	0.309539	0.287015	0.267684	0.248656	0.228146	0.206462	0.185116	0.16509	0.145018	0.123999	0.103185	0.0834861	0.066216	0.0536574	0.0449465	0.0367785	0.0298073	0.0272268	0.0280499	0.0277581	0.0259073
23	-1.40925	-1.4032	-1.39327	-1.38084	-1.37018	-1.35889	-1.34233	-1.32299	-1.3036	-1.28542	-1.26629	-1.24159	-1.21275	-1.18373	-1.15445	-1.12112	-1.08061	-1.03345	-0.984304	-0.939755	-0.900043	-0.855281	-0.800393	-0.744203	-0.692142	-0.64018	-0.582471	-0.518123	-0.45607	-0.40162	-0.350464	-0.297988	-0.241956	-0.184317	-0.13079	-0.0828574	-0.0309829	0.0312687	0.0948987	0.153092	0.20788	0.261203	0.312832	0.357921	0.389654	0.406893	0.411588	0.402572	0.380865	0.352011	0.318876	0.282378	0.244104	0.20513	0.166722	0.130136	0.0951673	0.0620617	0.032536	0.00576075	-0.0194203	-0.0411265	-0.0595101	-0.0771169	-0.0950918	-0.111624	-0.123829	-0.132279	-0.14094	-0.151556	-0.1609	-0.166833	-0.171919	-0.17815	-0.184749	-0.191348	-0.197357	-0.200598	-0.201685	-0.203875	-0.207694	-0.211881	-0.216202	-0.22036	-0.223099	-0.224699	-0.22752	-0.232805	-0.239993	-0.248122	-0.256672	-0.26473	-0.270045	-0.271224	-0.270915	-0.272311	-0.27321	-0.270909	-0.266412	-0.260286	-0.253121	-0.246236	-0.239077	-0.230399	-0.219753	-0.20631	-0.189801	-0.171499	-0.152531	-0.133862	-0.115034	-0.094023	-0.0705823	-0.0447239	-0.0166405	0.0114486	0.0392342	0.0679773	0.0969309	0.125978	0.156946	0.19063	0.226649	0.263977	0.300487	0.336454	0.375026	0.417188	0.461629	0.506519	0.549021	0.589216	0.629317	0.666079	0.69651	0.72419	0.750393	0.774389	0.800451	0.830993	0.86056	0.88466	0.907394	0.932295	0.954854	0.971959	0.986698	1.00016	1.00839	1.00881	1.00373	0.995902	0.986056	0.97607	0.968128	0.961225	0.954177	0.947835	0.943058	0.939998	0.937574	0.934205	0.930818	0.929212	0.927074	0.920668	0.911792	0.904796	0.899838	0.895289	0.891709	0.8905	0.891657	0.892614	0.891382	0.88841	0.881349	0.865856	0.842206	0.815716	0.791587	0.769822	0.748028	0.725919	0.704236	0.684451	0.668304	0.654685	0.641417	0.628996	0.617369	0.603412	0.583563	0.557576	0.530999	0.508411	0.487949	0.467445	0.447059	0.426153	0.404347	0.382565	0.360263	0.335928	0.310899	0.28806	0.267831	0.248087	0.227181	0.206146	0.186308	0.166576	0.145991	0.125114	0.104283	0.0842645	0.0668328	0.0531386	0.0424343	0.0341827	0.0296161	0.0288395	0.0290497	0.0269299	0.0227018
24	-1.4087	-1.40478	-1.39624	-1.38422	-1.37272	-1.35984	-1.34207	-1.32192	-1.30297	-1.2866	-1.26834	-1.24251	-1.21229	-1.18342	-1.15474	-1.12032	-1.07873	-1.03315	-0.986233	-0.941819	-0.900905	-0.855979	-0.802334	-0.74653	-0.692885	-0.639235	-0.582455	-0.521312	-0.460824	-0.405585	-0.354172	-0.301263	-0.242761	-0.182459	-0.128196	-0.0813606	-0.0308349	0.0307865	0.0944402	0.153627	0.209215	0.262124	0.31349	0.358498	0.389559	0.405362	0.406927	0.395825	0.375813	0.34798	0.313841	0.278633	0.243431	0.207014	0.171163	0.136417	0.100385	0.0635244	0.031312	0.00550611	-0.0175435	-0.0397055	-0.0605476	-0.0788612	-0.0955397	-0.112294	-0.12638	-0.136062	-0.145575	-0.15736	-0.167387	-0.172397	-0.175025	-0.178686	-0.183586	-0.189175	-0.194752	-0.199453	-0.203529	-0.206881	-0.208826	-0.210636	-0.214087	-0.218309	-0.221971	-0.225527	-0.229755	-0.234994	-0.24112	-0.248203	-0.255906	-0.262785	-0.267831	-0.270231	-0.270441	-0.270757	-0.270587	-0.267778	-0.264087	-0.260753	-0.255135	-0.24686	-0.238112	-0.228593	-0.217071	-0.203757	-0.18907	-0.172964	-0.154673	-0.13372	-0.111249	-0.0887071	-0.0662357	-0.0426312	-0.0167667	0.0105225	0.0384308	0.0670691	0.0958943	0.125479	0.156832	0.190534	0.227243	0.265277	0.302628	0.339583	0.376904	0.415657	0.456851	0.500369	0.544851	0.587914	0.62746	0.662937	0.69498	0.723776	0.749115	0.772819	0.798379	0.82752	0.858004	0.88569	0.910147	0.933167	0.95311	0.969047	0.983804	0.99723	1.00558	1.00748	1.00399	0.995688	0.983944	0.972603	0.964305	0.957648	0.952082	0.949501	0.947942	0.943533	0.938143	0.935281	0.934271	0.933243	0.930569	0.924098	0.91424	0.905329	0.899991	0.895903	0.891039	0.887366	0.887442	0.890239	0.892347	0.890729	0.88263	0.866022	0.842014	0.815145	0.789135	0.764596	0.741547	0.719087	0.69689	0.678547	0.66546	0.653815	0.641347	0.628173	0.614338	0.599681	0.582196	0.559853	0.533808	0.507897	0.485297	0.464817	0.444039	0.423839	0.404644	0.384636	0.363695	0.342176	0.318589	0.293145	0.268588	0.246619	0.225964	0.204941	0.184081	0.164447	0.14607	0.12702	0.106061	0.0856572	0.0677757	0.053696	0.0442881	0.0369242	0.0299923	0.025922	0.0262374	0.0281645	0.0284915
25	-1.40557	-1.40133	-1.39185	-1.37829	-1.36501	-1.351	-1.33409	-1.31624	-1.29771	-1.27933	-1.25985	-1.23441	-1.20455	-1.17619	-1.14827	-1.11445	-1.07389	-1.02876	-0.981213	-0.937098	-0.897962	-0.854474	-0.800457	-0.743469	-0.690182	-0.638257	-0.581854	-0.51913	-0.458295	-0.405143	-0.354745	-0.301019	-0.243382	-0.185447	-0.131903	-0.0842993	-0.0331932	0.0292848	0.094341	0.154305	0.210901	0.265193	0.315797	0.35922	0.391009	0.409397	0.414764	0.40652	0.385203	0.355338	0.32231	0.287727	0.250261	0.211047	0.172827	0.136636	0.102316	0.0696739	0.039306	0.0120194	-0.0118702	-0.0338655	-0.0555568	-0.075535	-0.0932271	-0.109785	-0.123513	-0.132453	-0.1401	-0.150595	-0.161049	-0.167258	-0.171222	-0.176256	-0.181659	-0.186014	-0.189669	-0.192849	-0.196141	-0.199824	-0.20283	-0.205805	-0.210325	-0.215833	-0.221083	-0.224801	-0.226707	-0.229824	-0.23667	-0.245499	-0.253702	-0.26063	-0.265647	-0.267313	-0.266676	-0.26698	-0.268523	-0.268944	-0.266968	-0.262022	-0.254549	-0.246358	-0.238243	-0.228888	-0.216558	-0.201929	-0.186979	-0.171287	-0.153197	-0.13333	-0.113012	-0.0918122	-0.06932	-0.0449392	-0.0185531	0.00809631	0.0347572	0.0623479	0.0912773	0.121715	0.153755	0.188859	0.226658	0.264106	0.30018	0.336465	0.375275	0.416734	0.458661	0.500436	0.543339	0.587213	0.628151	0.662407	0.691635	0.71929	0.7456	0.771115	0.797934	0.825858	0.854436	0.883588	0.911237	0.936413	0.959291	0.978293	0.992553	1.00315	1.00995	1.01069	1.00571	0.998464	0.988747	0.976042	0.965079	0.957555	0.951006	0.946072	0.943628	0.94064	0.934992	0.929748	0.927403	0.926023	0.922989	0.916628	0.908764	0.903204	0.899585	0.895773	0.891615	0.888587	0.888072	0.888569	0.887839	0.884424	0.875754	0.860254	0.839334	0.815059	0.788982	0.763152	0.738911	0.71653	0.696505	0.678468	0.662226	0.648474	0.636307	0.62393	0.609974	0.593632	0.574011	0.55011	0.523829	0.499442	0.479025	0.460585	0.44122	0.420675	0.399679	0.378345	0.356402	0.333115	0.308605	0.284575	0.262071	0.240947	0.221098	0.202049	0.18286	0.162327	0.140776	0.120178	0.0998838	0.0787888	0.0595472	0.0450767	0.0348566	0.0273496	0.0232568	0.0224909	0.0218828	0.0189302	0.0152936
26	-1.4061	-1.40126	-1.39096	-1.37778	-1.36654	-1.35331	-1.33424	-1.31475	-1.29726	-1.27966	-1.25887	-1.23249	-1.20331	-1.17523	-1.14734	-1.11495	-1.07559	-1.03064	-0.983287	-0.938128	-0.896957	-0.852893	-0.800037	-0.744814	-0.692653	-0.640281	-0.582061	-0.517296	-0.455593	-0.403058	-0.353836	-0.300857	-0.242397	-0.181699	-0.126061	-0.0792406	-0.0302639	0.0308313	0.0955551	0.155055	0.209711	0.262276	0.314367	0.36079	0.393032	0.408972	0.410813	0.399758	0.378705	0.351932	0.32066	0.285099	0.246347	0.206685	0.169184	0.134417	0.100744	0.0677012	0.0369315	0.00955085	-0.0152238	-0.0380235	-0.0582113	-0.0752147	-0.0915811	-0.109391	-0.124945	-0.135404	-0.144338	-0.154628	-0.163509	-0.168353	-0.170696	-0.172999	-0.177077	-0.183504	-0.190428	-0.195716	-0.199076	-0.201741	-0.204656	-0.207625	-0.210605	-0.214584	-0.219895	-0.224085	-0.225627	-0.228403	-0.23601	-0.246031	-0.254948	-0.262731	-0.269053	-0.272097	-0.273003	-0.27347	-0.272009	-0.268515	-0.264893	-0.260142	-0.252295	-0.243191	-0.235531	-0.22835	-0.219019	-0.206246	-0.19103	-0.174395	-0.155767	-0.135661	-0.114971	-0.0931295	-0.0693482	-0.0442288	-0.0194717	0.00557172	0.0331978	0.0628221	0.0926394	0.123035	0.154681	0.187613	0.222496	0.258904	0.295867	0.334087	0.37382	0.414698	0.457621	0.502835	0.547757	0.589564	0.627935	0.66276	0.693974	0.723073	0.750406	0.77566	0.800528	0.826442	0.852795	0.878831	0.904845	0.930081	0.952366	0.971444	0.988307	1.00187	1.01025	1.01275	1.00982	1.00242	0.990978	0.97727	0.965805	0.958134	0.952676	0.94969	0.94816	0.945127	0.940306	0.935825	0.932734	0.929742	0.925447	0.919634	0.912645	0.905406	0.899493	0.895402	0.891891	0.889314	0.888916	0.889028	0.887917	0.885107	0.876938	0.859549	0.835336	0.809357	0.784063	0.759978	0.737353	0.715763	0.694769	0.676468	0.661773	0.64779	0.63386	0.621824	0.610208	0.595051	0.574682	0.550445	0.524846	0.500457	0.478347	0.457545	0.437194	0.417602	0.397911	0.37718	0.356378	0.334514	0.309704	0.28379	0.259693	0.23881	0.220392	0.20135	0.180689	0.159975	0.138887	0.117338	0.0972554	0.0787213	0.0611161	0.0462688	0.0353655	0.0271093	0.0218798	0.0205709	0.020232	0.0177487	0.0149324
27	-1.40245	-1.39964	-1.38973	-1.3748	-1.36328	-1.35238	-1.33482	-1.31497	-1.29753	-1.28085	-1.26052	-1.23319	-1.2022	-1.17368	-1.14729	-1.11588	-1.07496	-1.02722	-0.978417	-0.933665	-0.894161	-0.851974	-0.800084	-0.745337	-0.69374	-0.64167	-0.583685	-0.519804	-0.458044	-0.402801	-0.351519	-0.300039	-0.244252	-0.184607	-0.127914	-0.0793096	-0.0295475	0.0309149	0.0946617	0.154844	0.21125	0.263718	0.314129	0.359718	0.391901	0.407558	0.409562	0.399762	0.379372	0.35083	0.317957	0.283874	0.246718	0.204892	0.16351	0.127897	0.0965494	0.0657337	0.0358999	0.00917506	-0.014616	-0.0369578	-0.0583061	-0.0777843	-0.0949248	-0.109938	-0.122374	-0.132806	-0.143074	-0.152705	-0.160816	-0.16794	-0.173293	-0.176759	-0.180458	-0.18646	-0.193987	-0.199896	-0.203151	-0.204939	-0.206406	-0.208247	-0.211449	-0.216884	-0.221659	-0.22229	-0.221898	-0.226486	-0.237128	-0.249593	-0.259031	-0.263894	-0.265653	-0.266021	-0.266664	-0.268873	-0.271	-0.270205	-0.266927	-0.262526	-0.255776	-0.246829	-0.238355	-0.230144	-0.21938	-0.204653	-0.187167	-0.169723	-0.153137	-0.135249	-0.114099	-0.0907346	-0.0683695	-0.0462206	-0.0208049	0.00659789	0.0336441	0.0616195	0.0920611	0.124268	0.156328	0.188651	0.223155	0.259072	0.296152	0.335915	0.376841	0.417527	0.459745	0.502932	0.5446	0.585322	0.626458	0.665379	0.698106	0.724532	0.748142	0.772868	0.799909	0.828451	0.857449	0.884484	0.908941	0.932569	0.953952	0.970736	0.984937	0.99818	1.0075	1.01027	1.00714	0.999787	0.989162	0.976586	0.964547	0.955547	0.951141	0.949873	0.947728	0.942714	0.936174	0.931061	0.928776	0.928016	0.926409	0.921231	0.913009	0.906089	0.901525	0.896809	0.89242	0.891029	0.892151	0.893127	0.892186	0.887406	0.877442	0.862107	0.840829	0.815407	0.790155	0.76564	0.740195	0.716263	0.69616	0.678364	0.662317	0.648315	0.635832	0.624033	0.610381	0.593088	0.57302	0.5509	0.526653	0.501734	0.479065	0.458751	0.438508	0.418182	0.398459	0.378554	0.357223	0.334221	0.310453	0.286925	0.264419	0.242639	0.220449	0.198721	0.179494	0.16164	0.142256	0.121112	0.0993428	0.0773574	0.0569442	0.0417848	0.0334862	0.0291909	0.0258248	0.0234462	0.0222248	0.0208281	0.0192093
